Objeto,Fornecedor,Período da contratação,E-mail,Telefone
AQUISIÇÃO CAFÉ E AÇÚCAR ,SANTA RITA COMERCIO E DISTRIBUIDORA LTDA,,vendasrtj03@gmail.com,(21) 3796 5586
AQUISIÇÃO CAFÉ E AÇÚCAR ,Jessi papelaria e informática em geral LTDA,,Vendas2@jessidistribuidora.com.br,3232-7788
AQUISIÇÃO CAFÉ E AÇÚCAR ,SOMOS 3 DISTRIBUIDORA DE ALIMENTOS LTDA,,somostres.distribuidora@gmail.com,21- 992057260
AQUISIÇÃO CAFÉ E AÇÚCAR ,F PEREIRA COMÉRCIO E DISTRIBUIDORA LTDA,,d.amarovendas@gmail.com,(21) 98987-5872
AQUISIÇÃO CAFÉ E AÇÚCAR ,DANJAC DISTRIBUIDORA LTDA-ME,,danjacltda@gmail.com,(21) 3371-1343
Prestação de serviços de pesquisa e envio de recortes relativos a Diários Oficiais em nome da IPLANRIO,ACR 117 RECORTES DE DIÁRIOS OFICIAIS LTDA. – ME.,,recortes@acrweb.com.br,(21) 2220-1878
Prestação de serviços de pesquisa e envio de recortes relativos a Diários Oficiais em nome da IPLANRIO,ADVISE PRODUTOS E SERVICOS EM TECNOLOGIA LTDA,,licitacoes@advise.com.br, (43) 2102-1780
Prestação de serviços de pesquisa e envio de recortes relativos a Diários Oficiais em nome da IPLANRIO,NCL JUSDIGITAL PUBLICAÇÕES ELETRÔNICAS EIRELI EPP,,jp@cortesdelima.com.br,(11) 4121-9996
Prestação de serviços de pesquisa e envio de recortes relativos a Diários Oficiais em nome da IPLANRIO, INFODIGI INFORMACOES DIGITAIS LTDA,,suporte@publicacoesonline.com.br,(48) 3203-1220
Prestação de serviços de pesquisa e envio de recortes relativos a Diários Oficiais em nome da IPLANRIO,LEXNEWS DATA MINING RECORTE ELETRONICO DE DIARIOS OFICIAIS LTDA.,,comercial@lexnews.com.br,(48) 3203-1221
REGISTRO DE PREÇOS PARA PRESTAÇÃO DE SERVIÇOS DE EXPANSÃO DE SOLUÇÃO DE PROTEÇÃO DE PERÍMETRO CHECKPOINT COM SOLUÇÃO DE BALANCEAMENTO DE FIREWALL CORPORATIVO E APPLIANCES FÍSICOS DO TIPO “NEXT GENERATION THREAT PREVENTION” E SUPORTE TÉCNICO.,MULTITECNOLOGIA SERVIÇOS DE INFORMATICA LTDA-ME,,nei@multiplusrj.com.br,"(21) 2543-9360
(21) 99947-8639"
REGISTRO DE PREÇOS PARA PRESTAÇÃO DE SERVIÇOS DE EXPANSÃO DE SOLUÇÃO DE PROTEÇÃO DE PERÍMETRO CHECKPOINT COM SOLUÇÃO DE BALANCEAMENTO DE FIREWALL CORPORATIVO E APPLIANCES FÍSICOS DO TIPO “NEXT GENERATION THREAT PREVENTION” E SUPORTE TÉCNICO.,ALLCOMNET TECNOLOGIA E SISTEMAS LTDA,,vendas@allcomnet.com.br,(11) 2626-7130
REGISTRO DE PREÇOS PARA PRESTAÇÃO DE SERVIÇOS DE EXPANSÃO DE SOLUÇÃO DE PROTEÇÃO DE PERÍMETRO CHECKPOINT COM SOLUÇÃO DE BALANCEAMENTO DE FIREWALL CORPORATIVO E APPLIANCES FÍSICOS DO TIPO “NEXT GENERATION THREAT PREVENTION” E SUPORTE TÉCNICO.,NTSEC SOLUÇÕES EM TELEINFORMÁTICA LTDA,,"financeiro@ntsec.com.br
contato@ntsec.com.br",(61) 3248-3829
REGISTRO DE PREÇOS PARA PRESTAÇÃO DE SERVIÇOS DE EXPANSÃO DE SOLUÇÃO DE PROTEÇÃO DE PERÍMETRO CHECKPOINT COM SOLUÇÃO DE BALANCEAMENTO DE FIREWALL CORPORATIVO E APPLIANCES FÍSICOS DO TIPO “NEXT GENERATION THREAT PREVENTION” E SUPORTE TÉCNICO.,SCANSEC Tecnologia,,comercial@scansec.com.br,(11) 3136-0081
REGISTRO DE PREÇOS PARA PRESTAÇÃO DE SERVIÇOS DE EXPANSÃO DE SOLUÇÃO DE PROTEÇÃO DE PERÍMETRO CHECKPOINT COM SOLUÇÃO DE BALANCEAMENTO DE FIREWALL CORPORATIVO E APPLIANCES FÍSICOS DO TIPO “NEXT GENERATION THREAT PREVENTION” E SUPORTE TÉCNICO.,MULTITECNOLOGIA SERVIÇOS DE INFORMATICA LTDA-ME,,nei@multiplusrj.com.br,"(21) 2543-9360
(21) 99947-8639"
" ADESÃO AO REGISTRO DE PREÇOS DE FÁBRICA DE SOFTWARE PARA ÓRGÃO DA ADMINISTRAÇÃO DIRETA, FUNDAÇÕES E AUTARQUIAS",VERZEL SOLUÇÕES EM SISTEMAS LTDA ,, comercial@verzel.com.br, 11 932923563
" ADESÃO AO REGISTRO DE PREÇOS DE FÁBRICA DE SOFTWARE PARA ÓRGÃO DA ADMINISTRAÇÃO DIRETA, FUNDAÇÕES E AUTARQUIAS",FATTO CONSULTORIA E SISTEMAS LTDA,,,
" ADESÃO AO REGISTRO DE PREÇOS DE FÁBRICA DE SOFTWARE PARA ÓRGÃO DA ADMINISTRAÇÃO DIRETA, FUNDAÇÕES E AUTARQUIAS",MINDTEEK INTELIGÊNCIA E TECNOLOGIA LTDA,,contato@mindtek.com.br, 21 20186771 
" ADESÃO AO REGISTRO DE PREÇOS DE FÁBRICA DE SOFTWARE PARA ÓRGÃO DA ADMINISTRAÇÃO DIRETA, FUNDAÇÕES E AUTARQUIAS",totem treinamentos e consultoria em TI ,,E-mail: odilon.rauen@totemti.com.br, (65) 3027-1353        98118-8888
"IPL-PRO-2022/00456              DESCRIÇÃO DO SERVIÇO: Registro de Preços para aquisição de Estações, incluindo garantia técnica pelo   período   de   60   (sessenta)   meses, conforme descrito, caracterizado e especificado neste Termo de Referência, para empresas públicas e sociedades de economia mista municipais.",XPART COMERCIO EIRELI,,ariane@premiumstore.com.br,12 3935-3600
"IPL-PRO-2022/00456              DESCRIÇÃO DO SERVIÇO: Registro de Preços para aquisição de Estações, incluindo garantia técnica pelo   período   de   60   (sessenta)   meses, conforme descrito, caracterizado e especificado neste Termo de Referência, para empresas públicas e sociedades de economia mista municipais.",A W G C MARQUES EPP  (ATACADAO),,gerencia.televendas@atacadaodatecnologia.com, 82 3028 7070
"IPL-PRO-2022/00456              DESCRIÇÃO DO SERVIÇO: Registro de Preços para aquisição de Estações, incluindo garantia técnica pelo   período   de   60   (sessenta)   meses, conforme descrito, caracterizado e especificado neste Termo de Referência, para empresas públicas e sociedades de economia mista municipais.",NETCENTER INFORMATICA LTDA,,claudio.medeiros@netcenter.com.br,(21) 4501-4005 | (21) 99526-2763
"IPL-PRO-2022/00456              DESCRIÇÃO DO SERVIÇO: Registro de Preços para aquisição de Estações, incluindo garantia técnica pelo   período   de   60   (sessenta)   meses, conforme descrito, caracterizado e especificado neste Termo de Referência, para empresas públicas e sociedades de economia mista municipais.",DIGITAL WORK COMPUTER SERVICE COMERCIAL LTDA,,fabio.moraes@digitalwork.com.br,(11) 3527-9014 / (11) 94552-4806
"IPL-PRO-2022/00456              DESCRIÇÃO DO SERVIÇO: Registro de Preços para aquisição de Estações, incluindo garantia técnica pelo   período   de   60   (sessenta)   meses, conforme descrito, caracterizado e especificado neste Termo de Referência, para empresas públicas e sociedades de economia mista municipais.",STORBACK TECNOLOGIA COMÉRCIO E SERVIÇOS DE INFORMÁTICA LTDA,,adalberto.filho@storback.com.br,(21) 2223-1050 | (21) 2223-1304 
"IPL-PRO-2022/00456              DESCRIÇÃO DO SERVIÇO: Registro de Preços para aquisição de Estações, incluindo garantia técnica pelo   período   de   60   (sessenta)   meses, conforme descrito, caracterizado e especificado neste Termo de Referência, para empresas públicas e sociedades de economia mista municipais.",PRINT SOLUÇÃO EM TECNOLOGIA LTDA.,,walter@printsolucao.com.br, (27) 3063-6663  /  (27) 99994-1253
Contratação de empresa especializada na prestação de serviços de apoio operacional às atividades da Empresa Municipal de Informática S/A – IplanRio,VINIL GESTÃO E FACILITIES LTDA,,,
Contratação de empresa especializada na prestação de serviços de apoio operacional às atividades da Empresa Municipal de Informática S/A – IplanRio,WG ,,,
Contratação de empresa especializada na prestação de serviços de apoio operacional às atividades da Empresa Municipal de Informática S/A – IplanRio,ESPAÇO SERVIÇOS ESPECIALIZADOS,,comercial@espacopessoal.com.br,(21 )3139-3019
REGISTRO DE PREÇOS PARA CONTRATAÇÃO DE EMPRESAS PARA PRESTAÇÃO DE SERVIÇOS DE FORNECIMENTO DE CRÉDITOS DE NUVEM PARA EMPRESAS PÚBLICAS E SOCIEDADES DE ECONOMIA MISTA MUNICIPAIS ,BRASOFTWARE INFORMÁTICA LTDA.,,rafael.oliveira@brasoftware.com.br,21 3554 6668
REGISTRO DE PREÇOS PARA CONTRATAÇÃO DE EMPRESAS PARA PRESTAÇÃO DE SERVIÇOS DE FORNECIMENTO DE CRÉDITOS DE NUVEM PARA EMPRESAS PÚBLICAS E SOCIEDADES DE ECONOMIA MISTA MUNICIPAIS ,IPNET SERVIÇOS EM NUVEM E DESENVOLVIMENTO DE SISTEMAS LTDA.,,flavio.carneiro@ipnet.cloud,(21) 3553 2717
REGISTRO DE PREÇOS PARA CONTRATAÇÃO DE EMPRESAS PARA PRESTAÇÃO DE SERVIÇOS DE FORNECIMENTO DE CRÉDITOS DE NUVEM PARA EMPRESAS PÚBLICAS E SOCIEDADES DE ECONOMIA MISTA MUNICIPAIS ,LTA RH INFORMATICA COMERCIO REPRESENTACOES,,luiz_bissigo@lta-rh.com.br,(21) 3190  1990
REGISTRO DE PREÇOS PARA CONTRATAÇÃO DE EMPRESAS PARA PRESTAÇÃO DE SERVIÇOS DE FORNECIMENTO DE CRÉDITOS DE NUVEM PARA EMPRESAS PÚBLICAS E SOCIEDADES DE ECONOMIA MISTA MUNICIPAIS ,CLARO S.A.,,Gisele.pimenta@embratel.com.br,21 97594-3212
REGISTRO DE PREÇOS PARA CONTRATAÇÃO DE EMPRESAS PARA PRESTAÇÃO DE SERVIÇOS DE FORNECIMENTO DE CRÉDITOS DE NUVEM PARA EMPRESAS PÚBLICAS E SOCIEDADES DE ECONOMIA MISTA MUNICIPAIS ,VS DATA COMÉRCIO & DISTRIBUIÇÃO LTDA,,bruno.teixeira@vsdata.com.br, 41 2118 7017
REGISTRO DE PREÇOS PARA CONTRATAÇÃO DE EMPRESAS PARA PRESTAÇÃO DE SERVIÇOS DE FORNECIMENTO DE CRÉDITOS DE NUVEM PARA EMPRESAS PÚBLICAS E SOCIEDADES DE ECONOMIA MISTA MUNICIPAIS ,DATARAIN CONSULTING E SERVIÇOS DE TECNOLOGIA S/A,,diego.caldeira@datarain.com.br,(11) 99457-1815
REGISTRO DE PREÇOS PARA CONTRATAÇÃO DE EMPRESAS PARA PRESTAÇÃO DE SERVIÇOS DE FORNECIMENTO DE CRÉDITOS DE NUVEM PARA EMPRESAS PÚBLICAS E SOCIEDADES DE ECONOMIA MISTA MUNICIPAIS ,BK TECNOLOGIA DA INFORMAÇÃO LTDA,,edison@bktech.com.br,(61) 98136-7690
REGISTRO DE PREÇOS PARA CONTRATAÇÃO DE EMPRESAS PARA PRESTAÇÃO DE SERVIÇOS DE FORNECIMENTO DE CRÉDITOS DE NUVEM PARA EMPRESAS PÚBLICAS E SOCIEDADES DE ECONOMIA MISTA MUNICIPAIS ,SERVICE IT LTDA.,,leandro.ferreira@service.com.br / comercialrj@service.com.br, (21) 96469-4726
REGISTRO DE PREÇOS PARA CONTRATAÇÃO DE EMPRESAS PARA PRESTAÇÃO DE SERVIÇOS DE FORNECIMENTO DE CRÉDITOS DE NUVEM PARA EMPRESAS PÚBLICAS E SOCIEDADES DE ECONOMIA MISTA MUNICIPAIS ,"RCI CONSULTING - CONSULTORIA, ADMINISTRAÇÃO E PARTICIPAÇÕES LTDA.",,antonio.augusto@rciit.com,(51) 3076-2777
REGISTRO DE PREÇOS PARA CONTRATAÇÃO DE EMPRESAS PARA PRESTAÇÃO DE SERVIÇOS DE FORNECIMENTO DE CRÉDITOS DE NUVEM PARA EMPRESAS PÚBLICAS E SOCIEDADES DE ECONOMIA MISTA MUNICIPAIS ,DAREDE SERVIÇOS DE TI LTDA,,leandro.magdalena@darede.com.br, 11 3900 1010 /  11 976 512 424
REGISTRO DE PREÇOS PARA CONTRATAÇÃO DE EMPRESAS PARA PRESTAÇÃO DE SERVIÇOS DE FORNECIMENTO DE CRÉDITOS DE NUVEM PARA EMPRESAS PÚBLICAS E SOCIEDADES DE ECONOMIA MISTA MUNICIPAIS ,AX4B SISTEMAS DE INFORMATICA LTDA,,marcio.cassiano@ax4b.com, 21 3197-2545
REGISTRO DE PREÇOS PARA CONTRATAÇÃO DE EMPRESAS PARA PRESTAÇÃO DE SERVIÇOS DE FORNECIMENTO DE CRÉDITOS DE NUVEM PARA EMPRESAS PÚBLICAS E SOCIEDADES DE ECONOMIA MISTA MUNICIPAIS ,XERTICA BRASIL LTDA,,emilio.goncalves@xertica.com,  (41) 99600-6293
REGISTRO DE PREÇOS PARA CONTRATAÇÃO DE EMPRESAS PARA PRESTAÇÃO DE SERVIÇOS DE FORNECIMENTO DE CRÉDITOS DE NUVEM PARA EMPRESAS PÚBLICAS E SOCIEDADES DE ECONOMIA MISTA MUNICIPAIS ,TELSINC COMERCIO DE EQUIPAMENTOS DE INFORMATICA LTDA.,,gerlic@sonda.com,21 2217-450 / 99723-7950
REGISTRO DE PREÇOS PARA CONTRATAÇÃO DE EMPRESAS PARA PRESTAÇÃO DE SERVIÇOS DE FORNECIMENTO DE CRÉDITOS DE NUVEM PARA EMPRESAS PÚBLICAS E SOCIEDADES DE ECONOMIA MISTA MUNICIPAIS ,SOLO NETWORK BRASIL S/A,,galber.figueiredo@solonetwork.com.br, (21) 98993-7277  / (41) 3051 7500
FORNECIMENTO DE ÁGUA MINERAL NATURAL,RICK & DÉIA ,,rd40graus@yahoo.com.br, 21 98844-5902
FORNECIMENTO DE ÁGUA MINERAL NATURAL,Onitauá Mineradora LTDA,, leguian@leguian.br,21 2584-2063
FORNECIMENTO DE ÁGUA MINERAL NATURAL,ALIBRAL DISTRIBUIDORA E TRANSPORTADORA ,,distribuidoraalibral@gmail.com,21 2756-7078
REGISTRO DE PREÇO PARA AQUISIÇÃO DE INFRAESTRUTURA DE HARDWARE DE ARMAZENAMENTO E BACKUP PARA MODERNIZAÇÃO DOS SISTEMAS FAZENDÁRIOS ,STORBACK TECNOLOGIA COMERCIO E SERVICOS DE INFORMATICA LTDA,,adalberto.filho@storback.com.br, (21) 2223-1050/ (21) 2223-1304
REGISTRO DE PREÇO PARA AQUISIÇÃO DE INFRAESTRUTURA DE HARDWARE DE ARMAZENAMENTO E BACKUP PARA MODERNIZAÇÃO DOS SISTEMAS FAZENDÁRIOS ,APSI COMERCIO E SERVIÇOS DE INFORMATICA EIRELI,,vendas.apsitech@gmail.com,21 26118356
REGISTRO DE PREÇO PARA AQUISIÇÃO DE INFRAESTRUTURA DE HARDWARE DE ARMAZENAMENTO E BACKUP PARA MODERNIZAÇÃO DOS SISTEMAS FAZENDÁRIOS ,QUALIS TECNOLOGIA DE INFORMACAO LTDA,,comercial@qualistec.com.br,(21) 96413-3957
REGISTRO DE PREÇO PARA AQUISIÇÃO DE INFRAESTRUTURA DE HARDWARE DE ARMAZENAMENTO E BACKUP PARA MODERNIZAÇÃO DOS SISTEMAS FAZENDÁRIOS ,NETCENTER INFORMATICA LTDA,,claudio.medeiros@netcenter.com.br,(21) 4501-4001 / (21) 99526-2763
REGISTRO DE PREÇO PARA AQUISIÇÃO DE INFRAESTRUTURA DE HARDWARE DE ARMAZENAMENTO E BACKUP PARA MODERNIZAÇÃO DOS SISTEMAS FAZENDÁRIOS ,IBS1 INFO BUSINESS SOLUTIONS LTDA,,marcos.damiao@ibs1.com.br, 21 99904-4974
AQUISIÇÃO DE EQUIPAMENTOS DE AUDIOVISUAL,DAYADO SOLUÇÕES LTDA,,dayadosolucoes@gmail.com,(21) 2042-0645 / 98600-9528
AQUISIÇÃO DE EQUIPAMENTOS DE AUDIOVISUAL,NOVO PONTO DIGITAL COMERCIO LTDA,,comercial4@novopontodigital.com.br, (21) 2196-9494 R 219 / (21) 98089-5363
AQUISIÇÃO DE EQUIPAMENTOS DE AUDIOVISUAL,YOUNGEST,,comercial@youngest.com.br,(21) 99309-6456
AQUISIÇÃO DE EQUIPAMENTOS DE AUDIOVISUAL,RTT INFORMATICA E TELECOMUNICAÇÕES LTDA,,informatica5@rtt.com.br, (21) 3344-5000
AQUISIÇÃO DE EQUIPAMENTOS DE AUDIOVISUAL,ALR PEREIRA COMÉRCIO ATACADISTA DE MAQUINAS E PEÇAS,,regina@infore.com.br, (22) 99963-5047
" PRESTAÇÃO DE SERVIÇOS DE LICENCIAMENTO DE SOFTWARE/SUBSCRIÇÕES DE PRODUTOS RED HAT, PARA ATUALIZAÇÃO E SUPORTE TÉCNICO DAS LICENÇAS DE EXISTENTE NO DATACENTER, PELO PRAZO DE 24 MESES.",CSI INOVAÇÃO EM TI LTDA.,,comercial@csiway.com.br,(27) 3204-5111
" PRESTAÇÃO DE SERVIÇOS DE LICENCIAMENTO DE SOFTWARE/SUBSCRIÇÕES DE PRODUTOS RED HAT, PARA ATUALIZAÇÃO E SUPORTE TÉCNICO DAS LICENÇAS DE EXISTENTE NO DATACENTER, PELO PRAZO DE 24 MESES.",PPN TECNOLOGIA  E INFORMATICA LTDA,,comercial@ppntecnologia.com.br,(61) 3963-0266
" PRESTAÇÃO DE SERVIÇOS DE LICENCIAMENTO DE SOFTWARE/SUBSCRIÇÕES DE PRODUTOS RED HAT, PARA ATUALIZAÇÃO E SUPORTE TÉCNICO DAS LICENÇAS DE EXISTENTE NO DATACENTER, PELO PRAZO DE 24 MESES.",SYSTEM MANAGER TECNOLOGIA EM INFORMATICA LTDA,,Leandro.silva@smanager.com.br,(11) 3424-0951
" PRESTAÇÃO DE SERVIÇOS DE LICENCIAMENTO DE SOFTWARE/SUBSCRIÇÕES DE PRODUTOS RED HAT, PARA ATUALIZAÇÃO E SUPORTE TÉCNICO DAS LICENÇAS DE EXISTENTE NO DATACENTER, PELO PRAZO DE 24 MESES.",PARS PRODUTOS DE PROCESSAMENTO DE DADOS LTDA,,marcos.brito@pars.com.br,(21) 2122-0800
" PRESTAÇÃO DE SERVIÇOS DE LICENCIAMENTO DE SOFTWARE/SUBSCRIÇÕES DE PRODUTOS RED HAT, PARA ATUALIZAÇÃO E SUPORTE TÉCNICO DAS LICENÇAS DE EXISTENTE NO DATACENTER, PELO PRAZO DE 24 MESES.",ALLTECH - SOLUÇÕES EM TECNOLOGIA LTDA,,mrossetto@alltechsolucoes.com.br,(61) 3344-0236    (61) 99818-3179
"Prestação de serviços de telecomunicações na modalidade SRTT (Serviço de Rede de Transporte de Telecomunicações) e/ou SCM (Serviço de Comunicação Multimídia), com fornecimento de meios físicos (acesso e porta) e equipamento de  omunicação de dados do tipo Roteador / CPE - (AS) Autonomous System – Dupla Abordagem - 2 (Dois) Enlaces de 3 Gigas – Abordagem por Provedores Distintos) com Proteção Contra Ataques de Negação de Serviço (DOS e DDOS) ",CLARO S.A.,,gisele.pimenta@embratel.com.br, 21 21213614 / 21 975943212
"Prestação de serviços de telecomunicações na modalidade SRTT (Serviço de Rede de Transporte de Telecomunicações) e/ou SCM (Serviço de Comunicação Multimídia), com fornecimento de meios físicos (acesso e porta) e equipamento de  omunicação de dados do tipo Roteador / CPE - (AS) Autonomous System – Dupla Abordagem - 2 (Dois) Enlaces de 3 Gigas – Abordagem por Provedores Distintos) com Proteção Contra Ataques de Negação de Serviço (DOS e DDOS) ",DATA CORPORE SERVIÇOS DE TELECOMUNICAÇÕES E INFORMÁTICA EIRELI,,gustavo.lopes@datacorpore.com.br,(21) 35139011 / (21) 25161474
"Prestação de serviços de telecomunicações na modalidade SRTT (Serviço de Rede de Transporte de Telecomunicações) e/ou SCM (Serviço de Comunicação Multimídia), com fornecimento de meios físicos (acesso e porta) e equipamento de  omunicação de dados do tipo Roteador / CPE - (AS) Autonomous System – Dupla Abordagem - 2 (Dois) Enlaces de 3 Gigas – Abordagem por Provedores Distintos) com Proteção Contra Ataques de Negação de Serviço (DOS e DDOS) ",TIM S.A,,nfjunior@timbrasil.com.br, 21 98113-5575
Contratação de dois seguimentos de fibra ótica entre DataCenter e Edifício Torre Norte do Centro Empresarial Rio Cidade Nova na Cidade Nova,FNT TELECOMUNICAÇÕES ,,sac@fnttelecom.com.br, 21 98288-6303
Contratação de dois seguimentos de fibra ótica entre DataCenter e Edifício Torre Norte do Centro Empresarial Rio Cidade Nova na Cidade Nova,FASTCOM TECNOLOGIA,,, 21 9128-3238
Contratação de dois seguimentos de fibra ótica entre DataCenter e Edifício Torre Norte do Centro Empresarial Rio Cidade Nova na Cidade Nova,TI ENGENHARIA ,,, 21 99985-0587
"PRESTAÇÃO DE SERVIÇO TELEFÔNICO MÓVEL DE DADOS, NA MODALIDADE SMS (SHORT MESSAGE SERVICE)",MAXX Projetos e Consultoria em  TI LTDA EPP,,, (81) 4020-1905
"PRESTAÇÃO DE SERVIÇO TELEFÔNICO MÓVEL DE DADOS, NA MODALIDADE SMS (SHORT MESSAGE SERVICE)",A E S MARIANO ASSESSORIA ,,, (11) 3777-5128
"PRESTAÇÃO DE SERVIÇO TELEFÔNICO MÓVEL DE DADOS, NA MODALIDADE SMS (SHORT MESSAGE SERVICE)",MARKTEL Serviços Digitais LTDA,,, (31) 4063-7993
"CONTRATAÇÃO DE EMPRESA PARA PRESTAÇÃO DE SERVIÇOS DE
LICENCIAMENTO CONTINUADO GOOGLE MAPS PLATFORM COM SUPORTE
TÉCNICO",IPNET SERVIÇOS EM NUVEM E DESENVOLVIMENTO DE SISTEMAS LTDA,,flavio.cafrneiro@ipnet.cloud,(21) 3553-2717
"CONTRATAÇÃO DE EMPRESA PARA PRESTAÇÃO DE SERVIÇOS DE
LICENCIAMENTO CONTINUADO GOOGLE MAPS PLATFORM COM SUPORTE
TÉCNICO",GEOAMBIENTE SENSORIAMENTO REMOTO LTDA,,info@geoambiente.com.br, (12) 3878-6400
"CONTRATAÇÃO DE EMPRESA PARA PRESTAÇÃO DE SERVIÇOS DE
LICENCIAMENTO CONTINUADO GOOGLE MAPS PLATFORM COM SUPORTE
TÉCNICO",SERVIBRASIL EM TECNOLOGIA DA INFORMAÇÃO LTDA,,renata.figueiredo@servinformacion.com,11 930367040
"AQUISIÇÃO DE DISCOS RÍGIDOS PARA SUBSISTEMA DE ARMAZENAMENTO MARCA DELL EMC, MODELOS VNX-7600, UNITY-450F, UNITY-600 E DATADOMAIN 6800, PARA REPOSIÇÃO DE PEÇAS COM FALHAS, POR DISPENSA PELO VALOR ",STORBACK TECNOLOGIA COMERCIO E SERVICOS DE INFORMATICA LTDA,,adalberto.filho@storback.com.br ,(21) 2223-1050 (21) 2223-1304 (21) 2146-2787
"AQUISIÇÃO DE DISCOS RÍGIDOS PARA SUBSISTEMA DE ARMAZENAMENTO MARCA DELL EMC, MODELOS VNX-7600, UNITY-450F, UNITY-600 E DATADOMAIN 6800, PARA REPOSIÇÃO DE PEÇAS COM FALHAS, POR DISPENSA PELO VALOR ",KNL TECNOLOGIA COMERCIO E SERVIÇOS LTDA,,alessandra.jorje@knltecnologia.com.br,(21) 99479-9814
"AQUISIÇÃO DE DISCOS RÍGIDOS PARA SUBSISTEMA DE ARMAZENAMENTO MARCA DELL EMC, MODELOS VNX-7600, UNITY-450F, UNITY-600 E DATADOMAIN 6800, PARA REPOSIÇÃO DE PEÇAS COM FALHAS, POR DISPENSA PELO VALOR ",APSI COMERCIO E SERVICOS DE INFORMATICA EIRELI,,vendas.apsitech@gmail.com,(21) 99497-4883
serviços  de  Licenciamento  de  Microsoft  Windows  11  Pro,"MAPData Tecnologia, Informática e Comércio Ltda",,juliana.silva@mapdata.com.br, (19) 3475-4100
serviços  de  Licenciamento  de  Microsoft  Windows  11  Pro,Software.com.br Tecnologia e Consultoria Ltda,,felipe.santos@software.com.br, (11) 3665-8550
serviços  de  Licenciamento  de  Microsoft  Windows  11  Pro,Tecnetworking Serviços e Soluções em TI LTDA,,governo@tecnetbr.com.br,53520-020
Prestação de servicos especializados de desmontagem e montagem de móveis.,TRANSPORTES NOVO LAR,,WWW.TRANSPORTESNOVOLAR.COM.BR,(21) 3681-4235
Prestação de servicos especializados de desmontagem e montagem de móveis.,MUDANÇAS MÉIER,,CONTATO@MUDANCASMEIER.COM.BR,(21) 2593-1330
Prestação de servicos especializados de desmontagem e montagem de móveis.,TOP QUALITY MUDANÇAS ,,topqualitymuda@yahoo.com.br,(21) 96488-8548
AQUISIÇÃO ACESSÓRIOS DE HIGIENE PARA A NOVA SEDE ,JLHK DISTRIBUIDORA,,jlhkcomercial@hotmail.com,"(21)2655-7074/
96750-8408"
AQUISIÇÃO ACESSÓRIOS DE HIGIENE PARA A NOVA SEDE ,COMERCIAL LB MIX LTDA,,comercial.lbmix@gmail.com,(21)4128-3481
AQUISIÇÃO ACESSÓRIOS DE HIGIENE PARA A NOVA SEDE ,VAN-MEX COM. E SERV. LTDA,,VANMEX@HOTMAIL.COM.BR,:2233-8433
"Prestação de serviços de solução informatizada, na modalidade Software as a Service – SaaS, para Controle de Patrimônio, a fim de possibilitar o controle objetivo e sistematizado dos bens móveis da IPLANRIO S/A, incluindo capacitação, suporte técnico e migração da base de dados atualmente em uso",AFIXCODE PATRIMÔNIO E AVALIAÇÕES LTDA,,comercial@afixcode.com.br,(11) 2888-4747
"Prestação de serviços de solução informatizada, na modalidade Software as a Service – SaaS, para Controle de Patrimônio, a fim de possibilitar o controle objetivo e sistematizado dos bens móveis da IPLANRIO S/A, incluindo capacitação, suporte técnico e migração da base de dados atualmente em uso",CONECTAA DESENVOLVIMENTO DE SISTEMAS LTDA,,"comercial@conectaa.com.br
administrativo@conectaa.com.br","(48) 3028-1281
(48) 99179-6963"
"Prestação de serviços de solução informatizada, na modalidade Software as a Service – SaaS, para Controle de Patrimônio, a fim de possibilitar o controle objetivo e sistematizado dos bens móveis da IPLANRIO S/A, incluindo capacitação, suporte técnico e migração da base de dados atualmente em uso",RIOPRO INFORMÁTICA LTDA,,rsilva@riopro.com.br,(21) 96413-3581
"Prestação de serviços de solução informatizada, na modalidade Software as a Service – SaaS, para Controle de Patrimônio, a fim de possibilitar o controle objetivo e sistematizado dos bens móveis da IPLANRIO S/A, incluindo capacitação, suporte técnico e migração da base de dados atualmente em uso",Patrimax - Controle Patrimonial,,"comercial@patrimax.com.br
douglas@alfenas.psi.br","(35) 3292-3475
(35) 99974-2133"
AQUISIÇÃO DE MOBILIÁRIO PARA ARMAZENAMENTO DE COMPUTADORES,CENTROFLEX MÓVEIS LTDA,,contato@centroflexoffice.com.br,(21)99606-8144
AQUISIÇÃO DE MOBILIÁRIO PARA ARMAZENAMENTO DE COMPUTADORES,EXPLORER2001,,vendas@explorer2001.com,(21)3381-9437
AQUISIÇÃO DE MOBILIÁRIO PARA ARMAZENAMENTO DE COMPUTADORES,SINAL ABERTO MÓVEIS,,vendas@sinalabertomoveis.com.br,(21)3352-1729
Contratação de empresa especializada para prestação de serviços técnicos de elaboração de projeto de segurança contra incêndio e pânico da sede da IPLANRIO  (PSCIP) com vistas a obter o Certificado de Aprovação Assistido (CAA),HYDRA PROJECT PROJETOS E INSTALAÇÃO CONTRA INCÊNDIO,,contato@hydraproject.com.br,21 3495-3003
Contratação de empresa especializada para prestação de serviços técnicos de elaboração de projeto de segurança contra incêndio e pânico da sede da IPLANRIO  (PSCIP) com vistas a obter o Certificado de Aprovação Assistido (CAA),HYDRA RJ BRIGADA DE INCÊNDIO LTDA,,comercial@hydrabrigada.com,21 3268-5268
Contratação de empresa especializada para prestação de serviços técnicos de elaboração de projeto de segurança contra incêndio e pânico da sede da IPLANRIO  (PSCIP) com vistas a obter o Certificado de Aprovação Assistido (CAA),RESGATE FIRE SERVICE LTDA,,gabi.resgatefire1@gmail .com, 219679-7339
Contratação de empresa especializada para prestação de serviços técnicos de elaboração de projeto de segurança contra incêndio e pânico da sede da IPLANRIO  (PSCIP) com vistas a obter o Certificado de Aprovação Assistido (CAA),FTR Instalações e Manutenções LTDA,,comercial@ftrengenhariarj.com.br, 21 22214705
Contratação de empresa especializada para prestação de serviços técnicos de elaboração de projeto de segurança contra incêndio e pânico da sede da IPLANRIO  (PSCIP) com vistas a obter o Certificado de Aprovação Assistido (CAA),IRMÃOS  ROMI  ENGENHARIA,,comercial@irmaosromiengenharia.com.br, 21 99930-3149
MATERIAL DE EXPEDIENTE.,PAPELARIA SHOPING DAYS LTDA,,papelariasdays@gmail.com, 21 3281-5608
MATERIAL DE EXPEDIENTE.,JLHK DISTRIBUIDORA,,jlhkcomercial@hotmail.com, 21 2655-7074
Abertura de processo para contratação de link de 200 Mbps para a Internet com serviço de Firewall.,FNT Telecomunicacoes e Acesso a Redes de Internet LTDA.,,victor@fnttelecom.com.br, (21)3861-9068
Abertura de processo para contratação de link de 200 Mbps para a Internet com serviço de Firewall.,NetWay Telecom Ltda,,financeiras@netwt.com.br, (21) 3090-2001
Abertura de processo para contratação de link de 200 Mbps para a Internet com serviço de Firewall.,ACK TELECOMUNICACOES LTDA ¬ ME,,contato@acktelecom.net.br, (21) 3155-2170
AQUISIÇÃO DE DOIS ROTEADORES CORE PARA SUPORTAR A AMPLIÇÃO DA BANDA DOS NOVOS LINKS DE INTERNET E DEVIDO A OBSOLESCÊNCIA DOS ROTEADORES ATUAIS. ,2R DATATEL TELE INFORMÁTICA LTDA ,,thiago@2rdatatel.com.br,21 99011-5626
AQUISIÇÃO DE DOIS ROTEADORES CORE PARA SUPORTAR A AMPLIÇÃO DA BANDA DOS NOVOS LINKS DE INTERNET E DEVIDO A OBSOLESCÊNCIA DOS ROTEADORES ATUAIS. ,FNT TELECOMUNICACOES E ACESSO A REDES DE INTERNET LTDA,,victor@fnttelecom.com.br,21 3861-9068
AQUISIÇÃO DE DOIS ROTEADORES CORE PARA SUPORTAR A AMPLIÇÃO DA BANDA DOS NOVOS LINKS DE INTERNET E DEVIDO A OBSOLESCÊNCIA DOS ROTEADORES ATUAIS. ,OPENNET - OPEN SERVIÇOS DE TECNOLOGIA LTDA,,marzoa@opennet.inf.br/soraya@opennet.inf.br/svollaro@opennet.inf.br,21 999758543
"Contratação de empresa especializada na prestação de serviços de suporte em Tecnologia da Informação e Comunicação (TIC) – Service Desk –, com Central
de Atendimento (Help Desk – 1º Nível) e Atendimento de Campo (2º nível) a usuários, equipamentos de informática e sistemas/aplicativos da Secretaria Municipal de
Educação (SME) da Cidade do Rio de Janeiro por um período de 24 (vinte e quatro) meses",BLANK IT CONSULTORIA EM INFORMÁTICA LTDA,,ilan.blank@blankit.com.br,(21) 99862-4333
"Contratação de empresa especializada na prestação de serviços de suporte em Tecnologia da Informação e Comunicação (TIC) – Service Desk –, com Central
de Atendimento (Help Desk – 1º Nível) e Atendimento de Campo (2º nível) a usuários, equipamentos de informática e sistemas/aplicativos da Secretaria Municipal de
Educação (SME) da Cidade do Rio de Janeiro por um período de 24 (vinte e quatro) meses",IBROWSE CONSULTORIA E INFORMÁTICA LTDA,,ibrowse@ibrowse.com.br,(51) 3458 3160
"Contratação de empresa especializada na prestação de serviços de suporte em Tecnologia da Informação e Comunicação (TIC) – Service Desk –, com Central
de Atendimento (Help Desk – 1º Nível) e Atendimento de Campo (2º nível) a usuários, equipamentos de informática e sistemas/aplicativos da Secretaria Municipal de
Educação (SME) da Cidade do Rio de Janeiro por um período de 24 (vinte e quatro) meses",NETCENTER INFORMÁTICA LTDA,,,(21) 4501-4000 | (21) 99526-2763
CONTRATAÇÃO DE PRESTAÇÃO DE SERVIÇOS DE MENTORIA EM ORQUESTRADORES DE CONTAINERS BASEADO EM KUBERTES,GUTIERREZ E LIMA CONSULTORIA E SERVICOS LTDA,,lima.rodrigo@outlook.com,(011) 98030-80899
CONTRATAÇÃO DE PRESTAÇÃO DE SERVIÇOS DE MENTORIA EM ORQUESTRADORES DE CONTAINERS BASEADO EM KUBERTES,PERIM E PERIM TECNOLOGIA DA INFORMACAO LTDA,,gsperim@gmail.com, (21) 98790-3192
CONTRATAÇÃO DE PRESTAÇÃO DE SERVIÇOS DE MENTORIA EM ORQUESTRADORES DE CONTAINERS BASEADO EM KUBERTES,MAVE SERVICOS DE INFORMATICA LTDA,,sandroslc@gmail.com,(21) 99780-0178
CONTRATAÇÃO DE PRESTAÇÃO DE SERVIÇOS DE MENTORIA EM ORQUESTRADORES DE CONTAINERS BASEADO EM KUBERTES,"LINKPARTNERS INFORMATION TECHNOLOGY - Tecnologia Aplicada e Serviços de
Informática LTDA",,financeiro@o2b.com.br,(14) 99620-5776
Registro de Preço para Prestação de Serviços de Acesso à Internet e à Intranet para Empresas Públicas e Sociedades de Economia Mista da Administração Indireta Municipal,CLARO S/A.,,gisele.pimenta@embratel.com.br,21 21213614 / 21 975943212
Registro de Preço para Prestação de Serviços de Acesso à Internet e à Intranet para Empresas Públicas e Sociedades de Economia Mista da Administração Indireta Municipal,DATA CORPORE SERVIÇOS DE TELECOMUNICAÇÕES E INFORMÁTICA LTDA,,gustavo.lopes@datacorpore.com.br,(21)98223-5584 
Registro de Preço para Prestação de Serviços de Acesso à Internet e à Intranet para Empresas Públicas e Sociedades de Economia Mista da Administração Indireta Municipal,WIRELESS COMM SERVICES LTDA.,,licitacoes@wcs.com.br, (11) 4800-4800
Registro de Preço para Prestação de Serviços de Acesso à Internet e à Intranet para Empresas Públicas e Sociedades de Economia Mista da Administração Indireta Municipal,ALGAR TELECOM S/A,,marcio.ferreira@algartelecom.com.br, (51) 99837-0425
Jira Software Cloud Premium,SOFTWARE.COM.BR TECNOLOGIA E CONSULTORIA LTDA,,,11 3665-8550
Jira Software Cloud Premium,A-PLAYERS PRESTADORA DE SERVIÇOS EIRELI,,, 51 99818 8813 / 51 3017 1361
Jira Software Cloud Premium,CSP - CONSULTORIA & SISTEMAS LTDA,,,34 99220 4880
Jira Software Cloud Premium,PRIME CONTROL CONSULTORIA LTDA.,,, 11  95079 4402 / 41 3253 0521
Jira Software Cloud Premium,PRIME UP SOLUÇÕES EM TI LTDA.,,, 11 2844 4481 
 Prestação de serviço de acesso a INTERNET por link de dados de 100 Mbps e prestação de serviço de FIREWALL,CLARO AS,,, 21 97594-3212
 Prestação de serviço de acesso a INTERNET por link de dados de 100 Mbps e prestação de serviço de FIREWALL,NETWAY TELECOM LTDA,,,21 3090-2001
 Prestação de serviço de acesso a INTERNET por link de dados de 100 Mbps e prestação de serviço de FIREWALL,TELEFONICA S.A,,, 21 98606-6010
 Prestação de serviço de acesso a INTERNET por link de dados de 100 Mbps e prestação de serviço de FIREWALL,WIRELESS COMM SERVICES LTDA,,,(11) 4800-4800
"AQUISIÇÃO, INCLUINDO O FRETE, PAPEL REPROGRÁFICO A4, PARA ATNDER AS NECESSIDADES DA ENPRESA MUNICIPAL DE INFORMÁTICA S/A - INPLANRIO",DAYADO SOLUÇÕES LTDA,,dayadosolucoes@gmail.com,(21) 2042-0645
"AQUISIÇÃO, INCLUINDO O FRETE, PAPEL REPROGRÁFICO A4, PARA ATNDER AS NECESSIDADES DA ENPRESA MUNICIPAL DE INFORMÁTICA S/A - INPLANRIO",MONSARÁS DISTRIBUIDORA E COMÉRCIO LTDA - ME,,monsaras.licitacao@hotmail.com,(27) 3371-5896
"AQUISIÇÃO, INCLUINDO O FRETE, PAPEL REPROGRÁFICO A4, PARA ATNDER AS NECESSIDADES DA ENPRESA MUNICIPAL DE INFORMÁTICA S/A - INPLANRIO",FRAMOT BAZAR E UTILIDADES LTDA,,framotartigos@gmail.com,(21) 2581-4650
"AQUISIÇÃO, INCLUINDO O FRETE, PAPEL REPROGRÁFICO A4, PARA ATNDER AS NECESSIDADES DA ENPRESA MUNICIPAL DE INFORMÁTICA S/A - INPLANRIO",PAPELARIA SHOPING DAYS LTDA-ME,,papelariasdays@gmail.com,(21)9 8914-0031
"AQUISIÇÃO, INCLUINDO O FRETE, PAPEL REPROGRÁFICO A4, PARA ATNDER AS NECESSIDADES DA ENPRESA MUNICIPAL DE INFORMÁTICA S/A - INPLANRIO",ALIBRAL DISTRIBUIDORA E TRANSPORTADORA EIRELI - EPP,,vendas.suzano@suzano.com.br,
"Subscrição de licenças de Jira Software Cloud Premium, plugins extensores de funcionalidades, gerenciador de atendimento a clientes, extrator de dados, solução para trabalho em grupo prestação de serviços de atualização de versão, configuração da solução e treinamento, pelo período de 12 (doze) meses",SILVEIRA & MRACK LTDA,,,51 3023-4139 / 51 98333 6543
"Subscrição de licenças de Jira Software Cloud Premium, plugins extensores de funcionalidades, gerenciador de atendimento a clientes, extrator de dados, solução para trabalho em grupo prestação de serviços de atualização de versão, configuração da solução e treinamento, pelo período de 12 (doze) meses",A-PLAYERS PRESTADORA DE SERVIÇOS EIRELI,,,51 99818 8813 / 51 3017 1361
"Subscrição de licenças de Jira Software Cloud Premium, plugins extensores de funcionalidades, gerenciador de atendimento a clientes, extrator de dados, solução para trabalho em grupo prestação de serviços de atualização de versão, configuração da solução e treinamento, pelo período de 12 (doze) meses",CSP - CONSULTORIA & SISTEMAS LTDA,,,34 99220 4880
"Subscrição de licenças de Jira Software Cloud Premium, plugins extensores de funcionalidades, gerenciador de atendimento a clientes, extrator de dados, solução para trabalho em grupo prestação de serviços de atualização de versão, configuração da solução e treinamento, pelo período de 12 (doze) meses",PRIME CONTROL CONSULTORIA LTDA.,,, 11  95079 4402 / 41 3253 0521
" Prestação de Serviços para manutenção de 44 (quarenta e quatro) extintores de incêndio da Empresa Municipal de Informática S.A –IplanRio, com especificações descritas no item 3 deste TR, com o objetivo de cumprir o estabelecido na Norma Regulamentadora 23 - Proteção Contra Incêndio.",MARVIN COMERCIO DE EXTINTORES LTDA,,,(21) 3772-3150
" Prestação de Serviços para manutenção de 44 (quarenta e quatro) extintores de incêndio da Empresa Municipal de Informática S.A –IplanRio, com especificações descritas no item 3 deste TR, com o objetivo de cumprir o estabelecido na Norma Regulamentadora 23 - Proteção Contra Incêndio.
",FIRE - RED COMERCIO DE MATERIAIS CONTRA INCENDIO LTDA,,,(21)2886-6057/ (21)2695-2214/ (21)2666-7537 Whatsapp: (21)2886-605
" Prestação de Serviços para manutenção de 44 (quarenta e quatro) extintores de incêndio da Empresa Municipal de Informática S.A –IplanRio, com especificações descritas no item 3 deste TR, com o objetivo de cumprir o estabelecido na Norma Regulamentadora 23 - Proteção Contra Incêndio.",CENTRAL FIRE COM E MANUTENÇÃO DE EQUIP INCENDIO LTDA.,,, (21) 2281 8103 / 96410-8128
" Prestação de Serviços para manutenção de 44 (quarenta e quatro) extintores de incêndio da Empresa Municipal de Informática S.A –IplanRio, com especificações descritas no item 3 deste TR, com o objetivo de cumprir o estabelecido na Norma Regulamentadora 23 - Proteção Contra Incêndio.",J.S.R.C. EXTINTORES E GNV,,,2083-1828/ 98714-3941/99296-7274
" Prestação de Serviços para manutenção de 44 (quarenta e quatro) extintores de incêndio da Empresa Municipal de Informática S.A –IplanRio, com especificações descritas no item 3 deste TR, com o objetivo de cumprir o estabelecido na Norma Regulamentadora 23 - Proteção Contra Incêndio.",NOVA LIDER EQUIPAMENTOS CONTRA INCENDIO EIRELI,,, 21 2220 6470 / 21 965023237
Prestação de Serviços por empresa credenciada Microsoft para subscrição do Microsoft Power BI Pro User por 12(doze) meses para a Empresa Municipal de Informática S/A – IplanRio,4RESULTS LTDA,,,(41) 3155-5850
Prestação de Serviços por empresa credenciada Microsoft para subscrição do Microsoft Power BI Pro User por 12(doze) meses para a Empresa Municipal de Informática S/A – IplanRio,"MAPDATA TECNOLOGIA, INFORMATICA E COM. LTDA.",,,(19) 3475-4100
Prestação de Serviços por empresa credenciada Microsoft para subscrição do Microsoft Power BI Pro User por 12(doze) meses para a Empresa Municipal de Informática S/A – IplanRio,SOLO NETWORK BRASIL S/A.,,,(41) 3051 7500
"Plataforma de produtividade (correio eletrônico, ferramentas de escritório, mensageria instantânea, videoconferência e armazenamento em nuvem)",CLARO S.A,,gisele.pimenta@embratel.com.br,(21)2121-3614
"Plataforma de produtividade (correio eletrônico, ferramentas de escritório, mensageria instantânea, videoconferência e armazenamento em nuvem)",RW3 TECNOLOGIA,,thais.cesar@rw3tecnologia.com,
"Plataforma de produtividade (correio eletrônico, ferramentas de escritório, mensageria instantânea, videoconferência e armazenamento em nuvem)",IPNET SERVIÇOS EM NUVEM E DESENVOLVIMENTO DE SISTEMAS LTDA,,governo@ipnet.cloud, (21)3553-2717
 PRESTAÇÃO DE SERVIÇO DE SEGUROS DE VIDA E DE ACIDENTES PESSOAIS EM GRUPO E DE SEGURO FUNERAL PARA OS EMPREGADOS DA EMPRESA MUNICIPAL DE INFORMÁTICA - IPLANRIO.,MBM SEGURADORA S.A.,, licita@mbmseguros.com.br,(51) 3216.2510 / 3216.2552
 PRESTAÇÃO DE SERVIÇO DE SEGUROS DE VIDA E DE ACIDENTES PESSOAIS EM GRUPO E DE SEGURO FUNERAL PARA OS EMPREGADOS DA EMPRESA MUNICIPAL DE INFORMÁTICA - IPLANRIO.,CAPEMISA SEGURADORA DE VIDA E PREVIDÊNCIA S/A,,mm@lifeinsurance.com.br,(21)97130-6584 / 3619-7250
 PRESTAÇÃO DE SERVIÇO DE SEGUROS DE VIDA E DE ACIDENTES PESSOAIS EM GRUPO E DE SEGURO FUNERAL PARA OS EMPREGADOS DA EMPRESA MUNICIPAL DE INFORMÁTICA - IPLANRIO.,PORTO SEGURO VIDA E PREVIDENCIA S/A,,aline.david@flanci.com.br,4003 3156  /  21 96432-8300
 PRESTAÇÃO DE SERVIÇO DE SEGUROS DE VIDA E DE ACIDENTES PESSOAIS EM GRUPO E DE SEGURO FUNERAL PARA OS EMPREGADOS DA EMPRESA MUNICIPAL DE INFORMÁTICA - IPLANRIO.,LIFE INSURANCE CORRETORA DE SEGUROS LTDA. (OXXY),,mm@lifeinsurance.com.br, (21)97130-6584 / 3619-7250
 PRESTAÇÃO DE SERVIÇO DE SEGUROS DE VIDA E DE ACIDENTES PESSOAIS EM GRUPO E DE SEGURO FUNERAL PARA OS EMPREGADOS DA EMPRESA MUNICIPAL DE INFORMÁTICA - IPLANRIO.,UNIMED SEGURADORA S/A,,,(51) 3216.2510 / 3216.2552
AQUISIÇÃO DE EQUIPAMENTOS DE AUDIOVISUAL,DAYADO SOLUÇÕES LTDA,,,(21) 2042-0645 / 98600-9528
AQUISIÇÃO DE EQUIPAMENTOS DE AUDIOVISUAL,YOUNGEST,,, (21) 99309-6456
AQUISIÇÃO DE EQUIPAMENTOS DE AUDIOVISUAL,Eletro World Comercio e serviços de Informatica Ltda ,,,(21) 2088-4929
"Contratação de empresa para aquisição, incluindo o frete, com entrega parcelada e semanal de água mineral natural, sem gás, acondicionada em garrafão de policarbonato com capacidade de 20 litros, para consumo da Empresa Municipal de Informática S/A - durante o período de 12 meses",RICK E DEIA 40 GRAUS COMÉRCIO DE ÁGUAS E BEBIDAS LTDA,,,(21) 2223-1816
"Contratação de empresa para aquisição, incluindo o frete, com entrega parcelada e semanal de água mineral natural, sem gás, acondicionada em garrafão de policarbonato com capacidade de 20 litros, para consumo da Empresa Municipal de Informática S/A - durante o período de 12 meses",ALIBRAL DISTRIBUIDORA E TRANPORTADORA EIRELI - EPP,,, (21) 2756-7078
"Contratação de empresa para aquisição, incluindo o frete, com entrega parcelada e semanal de água mineral natural, sem gás, acondicionada em garrafão de policarbonato com capacidade de 20 litros, para consumo da Empresa Municipal de Informática S/A - durante o período de 12 meses",LEONARDO NOBREGA ,,, (21)3269-1020
"Contratação de empresa para aquisição, incluindo o frete, com entrega parcelada e semanal de água mineral natural, sem gás, acondicionada em garrafão de policarbonato com capacidade de 20 litros, para consumo da Empresa Municipal de Informática S/A - durante o período de 12 meses",CCS VALENTE COMÉRCIO DE GÊNEROS ALIMENTÍCIOS LTDA,,,(21) 97042-8410
"AQUISIÇÃO DE EQUIPAMENTOS PARA COPA, COM GARANTIA PELO PERÍODO DE 12 (DOZE) MESES",J M FERREIRA SERVICOS REPRESENTACOES LTDA (YOUNGEST),,comercial@youngest.com.br janieres@youngest.com.br, (21) 99309-6456
"AQUISIÇÃO DE EQUIPAMENTOS PARA COPA, COM GARANTIA PELO PERÍODO DE 12 (DOZE) MESES",Eletro World Comercio e serviços de Informatica Ltda ,,contato@eletrowolrd.com.br, (21) 97016-0103
"AQUISIÇÃO DE EQUIPAMENTOS PARA COPA, COM GARANTIA PELO PERÍODO DE 12 (DOZE) MESES",MARCOS ANNTONIO DE SOUSA MARQUES ,,mark.acsst@gmail.com ,(21) 97103-4229/ (21) 99450-8656   
"AQUISIÇÃO DE EQUIPAMENTOS PARA COPA, COM GARANTIA PELO PERÍODO DE 12 (DOZE) MESES",A.L.R PEREIRA COMERCIO ATACADISTA DE MAQUINAS E PEÇAS,,rosilaine@infore.com.br,(21) 3825-1717 RAMAL 114
"AQUISIÇÃO DE EQUIPAMENTOS PARA COPA, COM GARANTIA PELO PERÍODO DE 12 (DOZE) MESES",SANTA RI.TA COMERCIO E DISTRIBUIDORA LTDA,,VENDASRTJ03@GMAIL.COM,(21) 3796-5586
"AQUISIÇÃO DE EQUIPAMENTOS PARA COPA, COM GARANTIA PELO PERÍODO DE 12 (DOZE) MESES",RTT INFORMÁTICA E TELECOMUNICAÕES LTDA,,informatica7@rtt.com.br,(21) 98833-6709
"Contratação  de  agente  de  integração  especializado,  conforme  previsto  na  Lei Federal nº 11.788/2008 e na Portaria IplanRio n.º 272/2019, para prestação de serviços  de  administração  de  Programa  de  Estágio  para  atender  a  Empresa Municipal de Informática S.A –IPLANRIO.",MAIS ESTÁGIOS LTDA,,luciano@maisestagios.com.br,41 987281606 
"Contratação  de  agente  de  integração  especializado,  conforme  previsto  na  Lei Federal nº 11.788/2008 e na Portaria IplanRio n.º 272/2019, para prestação de serviços  de  administração  de  Programa  de  Estágio  para  atender  a  Empresa Municipal de Informática S.A –IPLANRIO.",AGENCIA DE INTEGRAÇÃO EMPRESA ESCOLA LTDA EPP  - (AGIEL),,licitacoes@agiel.com.br,31 4141 3200 / 37 3232 1179
"Contratação  de  agente  de  integração  especializado,  conforme  previsto  na  Lei Federal nº 11.788/2008 e na Portaria IplanRio n.º 272/2019, para prestação de serviços  de  administração  de  Programa  de  Estágio  para  atender  a  Empresa Municipal de Informática S.A –IPLANRIO.",UNIVERSIDADE PATATIVA DO ASSARÉ - (UPA),,licitaupa@hotmail.com,88 99961-3130 / 88 3512 2450
"Contratação  de  agente  de  integração  especializado,  conforme  previsto  na  Lei Federal nº 11.788/2008 e na Portaria IplanRio n.º 272/2019, para prestação de serviços  de  administração  de  Programa  de  Estágio  para  atender  a  Empresa Municipal de Informática S.A –IPLANRIO.","Instituto de Promoção Humana, Aprendizagem e Cultura",,juridico@iphac.org.br,(62) 3092-2009
"Contratação  de  agente  de  integração  especializado,  conforme  previsto  na  Lei Federal nº 11.788/2008 e na Portaria IplanRio n.º 272/2019, para prestação de serviços  de  administração  de  Programa  de  Estágio  para  atender  a  Empresa Municipal de Informática S.A –IPLANRIO.","CENTRO INTEGRADO DE ESTUDOS E PROGRAMAS DE DESENVOLVIMENTO
SUSTENTAVEL - CIEDS",,rogerio@coletivoaprendiz.org.br,(21) 3190-4191 | (21) 98124-0102
AQUISIÇÃO DE PROJETORES MULTIMIDIA PARA EMPRESA MUNICIPAL DE INFORMÁTICA S/A - IPLANRIO,DAYADO SOLUÇÕES LTDA,,dayadosolucoes@gmail.com, (21) 2042-0645 / 98600-9528
AQUISIÇÃO DE PROJETORES MULTIMIDIA PARA EMPRESA MUNICIPAL DE INFORMÁTICA S/A - IPLANRIO,DUO TONER INFORMATICA LTDA,,vendas@duotoner.com.br,(21)97890-3479 - (21)97890-3479
AQUISIÇÃO DE PROJETORES MULTIMIDIA PARA EMPRESA MUNICIPAL DE INFORMÁTICA S/A - IPLANRIO,J M FERREIRA SERVICOS REPRESENTACOES LTDA (YOUNGEST ),,janieres@youngest.com.br,(21) 99309-6456
AQUISIÇÃO DE PROJETORES MULTIMIDIA PARA EMPRESA MUNICIPAL DE INFORMÁTICA S/A - IPLANRIO,NOVO PONTO DIGITAL COMERCIO LTDA,,comercial3@novopontodigital.com.br,(21) 2196-9494 (222)
AQUISIÇÃO DE PROJETORES MULTIMIDIA PARA EMPRESA MUNICIPAL DE INFORMÁTICA S/A - IPLANRIO,A.L.R. PEREIRA COMERCIO ATACADISTA DE MAQUINAS E PECAS (INFORE),,rosilaine@infore.com.br,(21)3825-1717
"CONTRATAÇÃO DE SOLUÇÃO PARA GERENCIAMENTO DE
ACESSO PRIVILEGIADO (Privileged Acess Management - PAM) PARA PROTEÇÃO DOS AMBIENTES COMPUTACIONAIS DA PREFEITURA.
",MT4 TECNOLOGIA LTDA.,,, 61 98115-1172 / 11 3069-3925
 Aquisição de ferramentas e material de reposição para serviços de infraestrutura de rede,AV Sl Comercio e Serviços Ltda,,, (21) 99787-5192
 Aquisição de ferramentas e material de reposição para serviços de infraestrutura de rede,DAYADO SOLUÇÕES LTDA,,, (21) 2042-0645 (21) 98600-9528
 Aquisição de ferramentas e material de reposição para serviços de infraestrutura de rede,Eletro World Comercio e serviços de Inormatica Ltda ,,, 21 2507-4209
 Aquisição de ferramentas e material de reposição para serviços de infraestrutura de rede,SANTA RI.TA COMERCIO E DISTRIBUIDORA LTDA,,vendasrtj03gmail.com,  (21) 3796-5586 
 Aquisição de ferramentas e material de reposição para serviços de infraestrutura de rede,RTT INFORMATICA E TELECOMUNICAÇÕES LTDA,,,
"AQUISIÇÃO DE MATERIAL DE LIMPEZA, INCLUINDO O FRETE, PARA CONSUMO DA EMPRESA MUNICIPAL DE INFORMÁTICA S/A - IPLANRIO",DANJAC DISTRIBUIDORA LTDA,,,(21) 3371-1343 
"AQUISIÇÃO DE MATERIAL DE LIMPEZA, INCLUINDO O FRETE, PARA CONSUMO DA EMPRESA MUNICIPAL DE INFORMÁTICA S/A - IPLANRIO",COMERCIAL LB MIX LTDA,,,(21) 4128-3481 
"AQUISIÇÃO DE MATERIAL DE LIMPEZA, INCLUINDO O FRETE, PARA CONSUMO DA EMPRESA MUNICIPAL DE INFORMÁTICA S/A - IPLANRIO",JESSI PAPELARIA E INFORMATICA EM GERAL LTDA,,,(21) 3232-7777 / (21) 3232-7787
"AQUISIÇÃO DE MATERIAL DE LIMPEZA, INCLUINDO O FRETE, PARA CONSUMO DA EMPRESA MUNICIPAL DE INFORMÁTICA S/A - IPLANRIO",RC 360 COMERCIO SERVICOS LTDA,,,(21) 3645-3753       
"AQUISIÇÃO DE MATERIAL DE LIMPEZA, INCLUINDO O FRETE, PARA CONSUMO DA EMPRESA MUNICIPAL DE INFORMÁTICA S/A - IPLANRIO",SANTA RITA COMERCIO E DISTRIBUIDORA LTDA,,,(21) 3796-5586
"Aquisição de discos rígidos para o Subsistema de Backup modelo Data Domain modelo 6800 e Subsistema de Armazenamento modelo VNX 7600, da marca DELL EMC para reposição de peças com falhas.",STORBACK TECNOLOGIA COMERCIO E SERVICOS DE INFORMATICA LTDA,, luiz.fernando@storback.com.br, (21) 2223-1050/ (21) 2223-1304
"Aquisição de discos rígidos para o Subsistema de Backup modelo Data Domain modelo 6800 e Subsistema de Armazenamento modelo VNX 7600, da marca DELL EMC para reposição de peças com falhas.",KNL TECNOLOGIA COMERCIO E SERVICOS LTDA,,alessandra.jorge@knltecnologia.com.br,(21) 2121-0000
"Aquisição de discos rígidos para o Subsistema de Backup modelo Data Domain modelo 6800 e Subsistema de Armazenamento modelo VNX 7600, da marca DELL EMC para reposição de peças com falhas.",APSI COMERCIO E SERVICOS DE INFORMATICA LTDA,, vendas.apsitech@gmail.com,21 99497-4883
"Aquisição de discos rígidos para o Subsistema de Backup modelo Data Domain modelo 6800 e Subsistema de Armazenamento modelo VNX 7600, da marca DELL EMC para reposição de peças com falhas.",PROCURECOMP HOLDINGS LTDA,,vendas@procurecomp.com.br,55 984376313
" AQUISIÇÃO, INCLUINDO O FRETE, DE CAFÉ, AÇÚCAR, ADOÇANTE DIETÉTICO, PAPEL TOALHA, COPO DESCARTÁVEL, SACO PARA LIXO E DETERGENTE PARA A EMPRESA MUNICIPAL DE INFORMÁTICA   IPLANRIO",COMERCIAL LB MIX LTDA EPP,,comercial.lbmix@gmail.com,(21) 4128-3481 / 4128-3488
" AQUISIÇÃO, INCLUINDO O FRETE, DE CAFÉ, AÇÚCAR, ADOÇANTE DIETÉTICO, PAPEL TOALHA, COPO DESCARTÁVEL, SACO PARA LIXO E DETERGENTE PARA A EMPRESA MUNICIPAL DE INFORMÁTICA   IPLANRIO",RC 360 COMÉRCIO SERVIÇO LTDA,,rc360comercioeservico@gmail.com,(21) 3645-3753
" AQUISIÇÃO, INCLUINDO O FRETE, DE CAFÉ, AÇÚCAR, ADOÇANTE DIETÉTICO, PAPEL TOALHA, COPO DESCARTÁVEL, SACO PARA LIXO E DETERGENTE PARA A EMPRESA MUNICIPAL DE INFORMÁTICA   IPLANRIO",FRESH FOOD COMÉRCIO DE GÊNEROS ALIMENTÍCIOS LTDA.,,licitacao@freshfoodalimento.com.br, (21) 3332-1588 / 2404-2766
" AQUISIÇÃO, INCLUINDO O FRETE, DE CAFÉ, AÇÚCAR, ADOÇANTE DIETÉTICO, PAPEL TOALHA, COPO DESCARTÁVEL, SACO PARA LIXO E DETERGENTE PARA A EMPRESA MUNICIPAL DE INFORMÁTICA   IPLANRIO",SANTA RITA COMERCIO E DISTRIBUIDORA LTDA,,vendasrtj03@gmail.com, (21) 3796 5586
" AQUISIÇÃO, INCLUINDO O FRETE, DE CAFÉ, AÇÚCAR, ADOÇANTE DIETÉTICO, PAPEL TOALHA, COPO DESCARTÁVEL, SACO PARA LIXO E DETERGENTE PARA A EMPRESA MUNICIPAL DE INFORMÁTICA   IPLANRIO",ALIBRAL DISTRIBUIDORA E TRANSPORTADORA EIRELI - EPP,,alibral@bol.com.br,(21) 2756-7078 
" AQUISIÇÃO, INCLUINDO O FRETE, DE CAFÉ, AÇÚCAR, ADOÇANTE DIETÉTICO, PAPEL TOALHA, COPO DESCARTÁVEL, SACO PARA LIXO E DETERGENTE PARA A EMPRESA MUNICIPAL DE INFORMÁTICA   IPLANRIO",JESSI PAPELARIA E INFORMÁTICA EM GERAL LTDA,,luiz@jessidistribuidora.com.br,(21) 3232-7777
"PRESTAÇÃO DE SERVIÇÕS DE EMPRESA ESPECIALIZADA PARA EMISSÃO DE CERTIFICADO DIGITAL (SSL) DE VALIDAÇÃO COMPLETA DE ORGANIZAÇÃO (OV) PARA USO EM SERVIDORES WEB/SSL, COM VALIDADE DE 12 (DOZE) MESES ",ACTIVEWEB TECHNOLOGIES INFORMATICA LTDA.,,claudinei@activeweb.com.br, 11 1063 6755  /  41 4063 6757
"PRESTAÇÃO DE SERVIÇÕS DE EMPRESA ESPECIALIZADA PARA EMISSÃO DE CERTIFICADO DIGITAL (SSL) DE VALIDAÇÃO COMPLETA DE ORGANIZAÇÃO (OV) PARA USO EM SERVIDORES WEB/SSL, COM VALIDADE DE 12 (DOZE) MESES ",CERTISIGN CERTIFICADORA DIGITAL S.A,,comercial@certsign.com.br, 11 4020 2430
"PRESTAÇÃO DE SERVIÇÕS DE EMPRESA ESPECIALIZADA PARA EMISSÃO DE CERTIFICADO DIGITAL (SSL) DE VALIDAÇÃO COMPLETA DE ORGANIZAÇÃO (OV) PARA USO EM SERVIDORES WEB/SSL, COM VALIDADE DE 12 (DOZE) MESES ",VALID CERTIFICADORA DIGITAL LTDA,,wallace.souza@valid.com,13 99665320 / 11 998113670  
"PRESTAÇÃO DE SERVIÇÕS DE EMPRESA ESPECIALIZADA PARA EMISSÃO DE CERTIFICADO DIGITAL (SSL) DE VALIDAÇÃO COMPLETA DE ORGANIZAÇÃO (OV) PARA USO EM SERVIDORES WEB/SSL, COM VALIDADE DE 12 (DOZE) MESES ",SOLUTI - SOLUCOES EM NEGOCIOS INTELIGENTES S/A,,licitacoes@soluti.com.br, 11 4020 2430
"CONTRATAÇÃO DE SERVIÇOS DE DESENVOLVIMENTO E
MANUTENÇÃO DE SISTEMAS PARA ENTIDADES ESTATAIS",HITSS DO BRASIL SERVICOS TECNOLOGICOS LTDA,,odelio.filho@globalhitss.com.br,(61) 99220-3397
"CONTRATAÇÃO DE SERVIÇOS DE DESENVOLVIMENTO E
MANUTENÇÃO DE SISTEMAS PARA ENTIDADES ESTATAIS",TO BRASIL CONSULTORIA EM TECNOLOGIA DA INFORMAÇÃO LTDA.,,rosangela.gomes@to-brasil.com,(21) 3035-0800 / (21) 98105-1317
"CONTRATAÇÃO DE SERVIÇOS DE DESENVOLVIMENTO E
MANUTENÇÃO DE SISTEMAS PARA ENTIDADES ESTATAIS",EXTREME DIGITAL CONSULTORIA E REPRESENTAÇÕES LTDA,,rosemberg.albuquerque@extreme.digital,(21) 97147-7605
"PRESTAÇÃO DE SERVIÇOS CONTROLE INTEGRADO DE VETORES BIOLÓGICOS E PRAGAS URBANAS, INCLUINDO CONTROLE E DESINFESTAÇÃO CONTRA INSETOS VOADORES E RASTEIROS, E DESRATIZAÇÃO, A SER REALIZADO EM TODAS AS LOCALIDADES QUE COMPÕEM A EMPRESA MUNICIPAL DE INFORMÁTICA – IPLANRIO",AMBIENTAL SERVIÇOS ESPECIALIZADOS LTDA.,,comercial@ambiental-cupim.com.br,(21) 2628-6901
"PRESTAÇÃO DE SERVIÇOS CONTROLE INTEGRADO DE VETORES BIOLÓGICOS E PRAGAS URBANAS, INCLUINDO CONTROLE E DESINFESTAÇÃO CONTRA INSETOS VOADORES E RASTEIROS, E DESRATIZAÇÃO, A SER REALIZADO EM TODAS AS LOCALIDADES QUE COMPÕEM A EMPRESA MUNICIPAL DE INFORMÁTICA – IPLANRIO",MN DEDETIZAÇÃO EM GERAL LTDA.,,mndedetizacao@gmail.com,(21) 3659 5142 
"PRESTAÇÃO DE SERVIÇOS CONTROLE INTEGRADO DE VETORES BIOLÓGICOS E PRAGAS URBANAS, INCLUINDO CONTROLE E DESINFESTAÇÃO CONTRA INSETOS VOADORES E RASTEIROS, E DESRATIZAÇÃO, A SER REALIZADO EM TODAS AS LOCALIDADES QUE COMPÕEM A EMPRESA MUNICIPAL DE INFORMÁTICA – IPLANRIO",INSETGLOBAL CONTROLE DE VETORES E PRAGAS LTDA.,,contato@insetglobal.com.br,(21) 3593-0500 / 21 99818 8545
"PRESTAÇÃO DE SERVIÇOS CONTROLE INTEGRADO DE VETORES BIOLÓGICOS E PRAGAS URBANAS, INCLUINDO CONTROLE E DESINFESTAÇÃO CONTRA INSETOS VOADORES E RASTEIROS, E DESRATIZAÇÃO, A SER REALIZADO EM TODAS AS LOCALIDADES QUE COMPÕEM A EMPRESA MUNICIPAL DE INFORMÁTICA – IPLANRIO",AMC CONTROLE DE PRAGAS E VETORES URBANOS LTDA. EPP,,controlc.controledepragas@gmail.com,21 964851348
"PRESTAÇÃO DE SERVIÇOS CONTROLE INTEGRADO DE VETORES BIOLÓGICOS E PRAGAS URBANAS, INCLUINDO CONTROLE E DESINFESTAÇÃO CONTRA INSETOS VOADORES E RASTEIROS, E DESRATIZAÇÃO, A SER REALIZADO EM TODAS AS LOCALIDADES QUE COMPÕEM A EMPRESA MUNICIPAL DE INFORMÁTICA – IPLANRIO",MARIA DE FATIMA BARSAND DE LUCAS SERVIÇO DE DEDETIZAÇÃO ME,,leuxdedetizacao@gmail.com, (5521) 3495-3001    (5521) 99450-8656
"PRESTAÇÃO DE SERVIÇOS CONTROLE INTEGRADO DE VETORES BIOLÓGICOS E PRAGAS URBANAS, INCLUINDO CONTROLE E DESINFESTAÇÃO CONTRA INSETOS VOADORES E RASTEIROS, E DESRATIZAÇÃO, A SER REALIZADO EM TODAS AS LOCALIDADES QUE COMPÕEM A EMPRESA MUNICIPAL DE INFORMÁTICA – IPLANRIO",LJ CONTROL,,ljcontrolservice@gmail.com,(21) 98084-3043
"PRESTAÇÃO DE SERVIÇOS CONTROLE INTEGRADO DE VETORES BIOLÓGICOS E PRAGAS URBANAS, INCLUINDO CONTROLE E DESINFESTAÇÃO CONTRA INSETOS VOADORES E RASTEIROS, E DESRATIZAÇÃO, A SER REALIZADO EM TODAS AS LOCALIDADES QUE COMPÕEM A EMPRESA MUNICIPAL DE INFORMÁTICA – IPLANRIO",AMBIENTAL SERVIÇOS E CONSERVAÇÃO PREDIAL LTDA,,contato@saudenalimpeza.com.br, (21) 3903-1370 - (21) 96908-0786
"PRESTAÇÃO DE SERVIÇOS CONTROLE INTEGRADO DE VETORES BIOLÓGICOS E PRAGAS URBANAS, INCLUINDO CONTROLE E DESINFESTAÇÃO CONTRA INSETOS VOADORES E RASTEIROS, E DESRATIZAÇÃO, A SER REALIZADO EM TODAS AS LOCALIDADES QUE COMPÕEM A EMPRESA MUNICIPAL DE INFORMÁTICA – IPLANRIO",NEX DEDETIZADORA LTDA,,CONTATO@NEXDEDETIZADORA.COM.BR,(21) 3030-1484
FORNECIMENTO DE CRÉDITOS DE SERVIÇOS EM NUVEM,DATARAIN CONSULTING E SERVIÇOS DE TECNOLOGIA LTDA,,,(11) 2424-3381
FORNECIMENTO DE CRÉDITOS DE SERVIÇOS EM NUVEM,SOLO NETWORK BRASIL LTDA,,,(41) 3051 7500
FORNECIMENTO DE CRÉDITOS DE SERVIÇOS EM NUVEM,IPNET SERVIÇOS EM NUVEM E DESENVOLVIMENTO DE SISTEMAS LTDA.,,,(21) 3553 2717
FORNECIMENTO DE CRÉDITOS DE SERVIÇOS EM NUVEM,AX4B SISTEMAS DE INFORMATICA LTDA.,,,(21) 3197  2545
FORNECIMENTO DE CRÉDITOS DE SERVIÇOS EM NUVEM,SISGRAPH LTDA.,,,11) 3889-2000
FORNECIMENTO DE CRÉDITOS DE SERVIÇOS EM NUVEM,EXTREME DIGITAL CONSUL. E REPRESENTAÇÃO LTDA.,,, (21) 3190  1990
FORNECIMENTO DE CRÉDITOS DE SERVIÇOS EM NUVEM,CLARO S.A.,,,21 97594-3212
FORNECIMENTO DE CRÉDITOS DE SERVIÇOS EM NUVEM,GEOAMBIENTE SENSORIAMENTO REMOTO LTDA,,,12 3878 6400
"Prestação de serviço para elaboração de Laudo Técnico de Vistoria Estrutural com parecer conclusivo sobre as condições estruturais de contêiner disponibilizado para a Táxi Rio, contemplando as condições atuais: patologias e inconformidades com as normas pertinentes; e soluções técnicas para adequação/recuperação/tratamento.",ATAC ARQUITETURA E ENGENHARIA LTDA,,engenharia.atac@gmail.com,(21)98121-7129
"Prestação de serviço para elaboração de Laudo Técnico de Vistoria Estrutural com parecer conclusivo sobre as condições estruturais de contêiner disponibilizado para a Táxi Rio, contemplando as condições atuais: patologias e inconformidades com as normas pertinentes; e soluções técnicas para adequação/recuperação/tratamento.",CONTEC CONSTRUCOES TECNICAS DE ENGENHARIA LTDA,,comercial@conteceng.com.br,(21) 98827-8120
"Prestação de serviço para elaboração de Laudo Técnico de Vistoria Estrutural com parecer conclusivo sobre as condições estruturais de contêiner disponibilizado para a Táxi Rio, contemplando as condições atuais: patologias e inconformidades com as normas pertinentes; e soluções técnicas para adequação/recuperação/tratamento.",CR SERVICOS E PROJETOS LTDA,,contato@servicoseprojetos.com.br,(21) 99967-5859
"REGISTRO DE PREÇOS PARA FORNECIMENTO DE LICENÇAS DE SOFTWARE DE BACKUP (RÉPLICA DE BACKUP), INCLUINDO OS SERVIÇOS DE INPLEMENTAÇÃO (ISTALAÇÃO E CONFIGURAÇÃO), GARANTIA DO FABRICANTE POR 60 (SESSENTA) MESES. ",STORBACK TECNOLOGIA COMÉRCIO E SERVIÇOS DE INFORMÁTICA LTDA.,,adalberto.filho@storback.com.br, 21 2223-1050 / 21 2223-1304
"REGISTRO DE PREÇOS PARA FORNECIMENTO DE LICENÇAS DE SOFTWARE DE BACKUP (RÉPLICA DE BACKUP), INCLUINDO OS SERVIÇOS DE INPLEMENTAÇÃO (ISTALAÇÃO E CONFIGURAÇÃO), GARANTIA DO FABRICANTE POR 60 (SESSENTA) MESES. ",SCANSOURCE BRASIL DISTRIBUIDORA DE TECNOLOGIAS LTDA,,henrique.crema@scansource.com,11 99110-8791
"REGISTRO DE PREÇOS PARA FORNECIMENTO DE LICENÇAS DE SOFTWARE DE BACKUP (RÉPLICA DE BACKUP), INCLUINDO OS SERVIÇOS DE INPLEMENTAÇÃO (ISTALAÇÃO E CONFIGURAÇÃO), GARANTIA DO FABRICANTE POR 60 (SESSENTA) MESES. ",R. PREBIANCHI ROCHA INFORMATICA LTDA,,atendimento@backupiperius.com.br,11 4582-4731
"REGISTRO DE PREÇOS PARA FORNECIMENTO DE LICENÇAS DE SOFTWARE DE BACKUP (RÉPLICA DE BACKUP), INCLUINDO OS SERVIÇOS DE INPLEMENTAÇÃO (ISTALAÇÃO E CONFIGURAÇÃO), GARANTIA DO FABRICANTE POR 60 (SESSENTA) MESES. ",TARGETWARE INFORMATICA LTDA,,caues@software.com.br,(11) 3665-8550
"REGISTRO DE PREÇOS PARA FORNECIMENTO DE LICENÇAS DE SOFTWARE DE BACKUP (RÉPLICA DE BACKUP), INCLUINDO OS SERVIÇOS DE INPLEMENTAÇÃO (ISTALAÇÃO E CONFIGURAÇÃO), GARANTIA DO FABRICANTE POR 60 (SESSENTA) MESES. ",NETCENTER INFORMÁTICA LTDA,,fabio.rufino@netcenter.com.br / claudio.medeiros@netcenter.com.br ,(11) 3665-8550
"REGISTRO DE PREÇOS PARA FORNECIMENTO DE LICENÇAS DE SOFTWARE DE BACKUP (RÉPLICA DE BACKUP), INCLUINDO OS SERVIÇOS DE INPLEMENTAÇÃO (ISTALAÇÃO E CONFIGURAÇÃO), GARANTIA DO FABRICANTE POR 60 (SESSENTA) MESES. ",IBS1 INFO BUSINESS SOLUTIONS LTDA ME,,marcos.damiao@ibs1.com.br,21 3178-4110 /  21 99904-4974
"Prestação de serviços de Coleta, Entrega e Custódia de Mídias Magnéticas e Ópticas em Fitoteca de Segurança Externa - 24 MESES",RIOOFFSITE SERVIÇOS DE FITOTECA LTDA,,francisco.ramos@riooffsite.com.br,21 97034 5929
"Prestação de serviços de Coleta, Entrega e Custódia de Mídias Magnéticas e Ópticas em Fitoteca de Segurança Externa - 24 MESES",GRM GESTÃO DOCUMENTAL LTDA,,ricardo.klitzke@grmdoc.com.br,21 2223-1112
"Prestação de serviços de Coleta, Entrega e Custódia de Mídias Magnéticas e Ópticas em Fitoteca de Segurança Externa - 24 MESES",VRO GERENCIAMENTO DE DOCUMENTOS LTDA   ,,comercial.rj1@arquivar.com,21 2653 8509  / 21 99499 2179
"Prestação de serviços de Coleta, Entrega e Custódia de Mídias Magnéticas e Ópticas em Fitoteca de Segurança Externa - 24 MESES",ACCESS GESTÃO DE DOCUMENTOS LTDA.,,wagner.santos@accesscorp.com.br,21 99047 3098
"Contratação de solução unificada de gestão de serviços de TI (ITSM), por 24 meses, incluindo implantação e suporte, com treinamento de equipes e operação assistida da contratada.",ICT - CONSULTORIA EM SISTEMAS DE INFORMACAO LTDA,,jorge.rocha@ictconsult.com.br,31 9 8331-5955
"Contratação de solução unificada de gestão de serviços de TI (ITSM), por 24 meses, incluindo implantação e suporte, com treinamento de equipes e operação assistida da contratada.",MILVUS.COM LTDA,,gabriele.goncalves@bomcontrole.com.br,11 4118-0494
"Contratação de solução unificada de gestão de serviços de TI (ITSM), por 24 meses, incluindo implantação e suporte, com treinamento de equipes e operação assistida da contratada.",LOTUS ICT EMPREENDIMENTOS S.A.,,sales@lotusict.com,21 3495-7073
"Contratação de solução unificada de gestão de serviços de TI (ITSM), por 24 meses, incluindo implantação e suporte, com treinamento de equipes e operação assistida da contratada.",PPN TECNOLOGIA E INFORMATICA LTDA,,comercial@ppntecnologia.com.br,61 3963-0266
"CONTRATAÇÃO DE SOLUÇÃO DE GESTÃO DE VULNERABILIDADES, PARA ATIVOS DE REDE E APLICAÇÕES WEB, NO MODELO DE SERVIÇO,  INCLUINDO IMPLANTAÇÃO E SUPORTE, COM TREINAMENTO DE EQUIPES E ALOCAÇÃO DE TÉCNICO RESIDENTE DA CONTRATADA POR 24MESES.",NETCENTER INFORMÁTICA LTDA,,claudio.medeiros@netcenter.com.br,21  4501-4000
"CONTRATAÇÃO DE SOLUÇÃO DE GESTÃO DE VULNERABILIDADES, PARA ATIVOS DE REDE E APLICAÇÕES WEB, NO MODELO DE SERVIÇO,  INCLUINDO IMPLANTAÇÃO E SUPORTE, COM TREINAMENTO DE EQUIPES E ALOCAÇÃO DE TÉCNICO RESIDENTE DA CONTRATADA POR 24MESES.",VORTEX IT SECURITY LTDA,,fabio.carvano@vortexsecurity.com.br,21 2533-3625
"CONTRATAÇÃO DE SOLUÇÃO DE GESTÃO DE VULNERABILIDADES, PARA ATIVOS DE REDE E APLICAÇÕES WEB, NO MODELO DE SERVIÇO,  INCLUINDO IMPLANTAÇÃO E SUPORTE, COM TREINAMENTO DE EQUIPES E ALOCAÇÃO DE TÉCNICO RESIDENTE DA CONTRATADA POR 24MESES.",NETSECURITY TECNOLOGIA LTDA,,comercial@netsecurity.com.br,11 5089-2060
"CONTRATAÇÃO DE SOLUÇÃO DE GESTÃO DE VULNERABILIDADES, PARA ATIVOS DE REDE E APLICAÇÕES WEB, NO MODELO DE SERVIÇO,  INCLUINDO IMPLANTAÇÃO E SUPORTE, COM TREINAMENTO DE EQUIPES E ALOCAÇÃO DE TÉCNICO RESIDENTE DA CONTRATADA POR 24MESES.",YSSY SOLUÇÕES S.A.,,cristiane.santana@yssy.com.br,11 98570-4342
"CONTRATAÇÃO DE SOLUÇÃO DE GESTÃO DE VULNERABILIDADES, PARA ATIVOS DE REDE E APLICAÇÕES WEB, NO MODELO DE SERVIÇO,  INCLUINDO IMPLANTAÇÃO E SUPORTE, COM TREINAMENTO DE EQUIPES E ALOCAÇÃO DE TÉCNICO RESIDENTE DA CONTRATADA POR 24MESES.",GLOBAL IP TECNOLOGIA DA INFORMACAO LTDA,,keli.nascimento@globalip.com.br,(61) 3327 2777 / 98115 1248
"Registro de Preços para aquisição de Estações, incluindo garantia técnica pelo   período   de   60   (sessenta)   meses, conforme descrito, caracterizado e especificado neste Termo de Referência, para empresas públicas e sociedades de economia mista municipais.",XPART COMERCIO EIRELI,,ariane@premiumstore.com.br,12 3935-3600
"Registro de Preços para aquisição de Estações, incluindo garantia técnica pelo   período   de   60   (sessenta)   meses, conforme descrito, caracterizado e especificado neste Termo de Referência, para empresas públicas e sociedades de economia mista municipais.",A W G C MARQUES EPP  (ATACADAO),,gerencia.televendas@atacadaodatecnologia.com,82 3028 7070
"Registro de Preços para aquisição de Estações, incluindo garantia técnica pelo   período   de   60   (sessenta)   meses, conforme descrito, caracterizado e especificado neste Termo de Referência, para empresas públicas e sociedades de economia mista municipais.",NETCENTER INFORMATICA LTDA,,claudio.medeiros@netcenter.com.br,(21) 4501-4005 | (21) 99526-2763
"Registro de Preços para aquisição de Estações, incluindo garantia técnica pelo   período   de   60   (sessenta)   meses, conforme descrito, caracterizado e especificado neste Termo de Referência, para empresas públicas e sociedades de economia mista municipais.",DIGITAL WORK COMPUTER SERVICE COMERCIAL LTDA,,"fabio.moraes@digitalwork.com.br, emerson.martins@digitalwork.com.br", (11) 3527-9014 / (11) 94552-4806
"Registro de Preços para aquisição de Estações, incluindo garantia técnica pelo   período   de   60   (sessenta)   meses, conforme descrito, caracterizado e especificado neste Termo de Referência, para empresas públicas e sociedades de economia mista municipais.",STORBACK TECNOLOGIA COMÉRCIO E SERVIÇOS DE INFORMÁTICA LTDA,,adalberto.filho@storback.com.br,(21) 2223-1050 | (21) 2223-1304 
"Registro de Preços para aquisição de Estações, incluindo garantia técnica pelo   período   de   60   (sessenta)   meses, conforme descrito, caracterizado e especificado neste Termo de Referência, para empresas públicas e sociedades de economia mista municipais.",PRINT SOLUÇÃO EM TECNOLOGIA LTDA.,,walter@printsolucao.com.br, (27) 3063-6663  /  (27) 99994-1253
Contratação de serviços técnicos especializados para migração e otimização do ambiente de hospedagem da base de dados em MongoDB sediado em nuvem Microsoft Azure que suporta a Plataforma TAXI.RIO para a versão Google Cloud Platform,SEMANTIX TECNOLOGIA EM SISTEM DE INFORMAÇÃO S.A.,,ana.almeida@semantix.ai, (61)98174.0103  (61) 99800.4433
Contratação de serviços técnicos especializados para migração e otimização do ambiente de hospedagem da base de dados em MongoDB sediado em nuvem Microsoft Azure que suporta a Plataforma TAXI.RIO para a versão Google Cloud Platform,SISTEMS INFORMATION TECHNOLOGY LTDA. (EXTRACTTA),,"comercial@extractta.com.br,  marcelo.martines@extractta.com.br",11 3042-1523
Contratação de serviços técnicos especializados para migração e otimização do ambiente de hospedagem da base de dados em MongoDB sediado em nuvem Microsoft Azure que suporta a Plataforma TAXI.RIO para a versão Google Cloud Platform,ADVANCED DATABASE & IT SISTEMAS DE INFORMACAO S A,,marcio.miorelli@advancedit.com.br,(51)98125-6956
"Contratação de empresa especializada na prestação de serviços de limpeza, higiene, conservação e desinfecção, com fornecimento de equipamentos e materiais necessários para atender à Empresa Municipal de Informática S/A - IplanRio, para 03 (três) postos de serviços de servente, pelo período de até 24 (vinte e quatro) meses.",INNOVA AIR SERVIÇOS TÉCNICOS LTDA,,,(24) 2244 8616
"Contratação de empresa especializada na prestação de serviços de limpeza, higiene, conservação e desinfecção, com fornecimento de equipamentos e materiais necessários para atender à Empresa Municipal de Informática S/A - IplanRio, para 03 (três) postos de serviços de servente, pelo período de até 24 (vinte e quatro) meses.",REOBOOT 101 SERVIÇOS LTDA - ME,,,(21) 96478-1708
"Contratação de empresa especializada na prestação de serviços de limpeza, higiene, conservação e desinfecção, com fornecimento de equipamentos e materiais necessários para atender à Empresa Municipal de Informática S/A - IplanRio, para 03 (três) postos de serviços de servente, pelo período de até 24 (vinte e quatro) meses.",SELETTI SERVIÇOS E COMÉRCIO LTDA.,,,(21) 2180-3898
"Contratação de empresa especializada na prestação de serviços de limpeza, higiene, conservação e desinfecção, com fornecimento de equipamentos e materiais necessários para atender à Empresa Municipal de Informática S/A - IplanRio, para 03 (três) postos de serviços de servente, pelo período de até 24 (vinte e quatro) meses.",VALEX SERVIÇOS TÉCNICOS DE LIMPEZA EIRELI-ME,,, (71) 989180430
"Contratação de empresa especializada na prestação de serviços de limpeza, higiene, conservação e desinfecção, com fornecimento de equipamentos e materiais necessários para atender à Empresa Municipal de Informática S/A - IplanRio, para 03 (três) postos de serviços de servente, pelo período de até 24 (vinte e quatro) meses.",VIGDEL SERVIÇOS TERCEIRIZADOS LTDA,,,(21) 977421162
Registro de Preço para Prestação de Serviços de Licenciamento de Software/Subscrições de Produtos Red Hat.,SEPROL - COMÉRCIO E CONSULTORIA EM INFORMÁTICA LTDA,,felipe.giffu@seprol.com.br, (21) 2122-0800
Registro de Preço para Prestação de Serviços de Licenciamento de Software/Subscrições de Produtos Red Hat.,AX4B SISTEMAS DE INFORMÁTICA LTDA,,marcio.cassiano@ax4b.com,21 3197-2545
Registro de Preço para Prestação de Serviços de Licenciamento de Software/Subscrições de Produtos Red Hat.,CSI INOVAÇÃO EM TI EIRELI,,almir@csiway.com.br,(27) 3204-5111  /  27 99935-3859
Registro de Preço para Prestação de Serviços de Licenciamento de Software/Subscrições de Produtos Red Hat.,SUPORTE INFORMÁTICA SOLUÇÕES LTDA,,vital.costa@suporteinformatica.com,81 3202 9100  /  81  99435  8553
Registro de Preço para Prestação de Serviços de Licenciamento de Software/Subscrições de Produtos Red Hat.,MARKWAY BUSINESS E INFORMATICA LTDA,,lucas.pereira@markway.com.br, 21 2212-4500  / 21  36527 7534
"Prestação de Serviços de Solução de Integração de Pagamentos de meios digitais e gestão de recebíveis, via Plataforma TAXI.RIO CIDADES da Prefeitura da Cidade do Rio de Janeiro (PCRJ), que poderá ser utilizada no âmbito nacional",VALLEPAY LTDA,,comercial@vallepay.com.br,12 3932-5655
"Prestação de Serviços de Solução de Integração de Pagamentos de meios digitais e gestão de recebíveis, via Plataforma TAXI.RIO CIDADES da Prefeitura da Cidade do Rio de Janeiro (PCRJ), que poderá ser utilizada no âmbito nacional",LOGPRO SERVIÇOS ADMINISTRATIVOS PARA TERCEIROS LTDA.,,contato@logpro.com.br,48 3658-8086
"Prestação de Serviços de Solução de Integração de Pagamentos de meios digitais e gestão de recebíveis, via Plataforma TAXI.RIO CIDADES da Prefeitura da Cidade do Rio de Janeiro (PCRJ), que poderá ser utilizada no âmbito nacional",RENT TECNOLOGIA LTDA  (TAXI2GO),,contato@taxi2go.com.br, 11 3018-3818
"Aquisição de peças e partes de informática para reposição no estoque da Empresa Municipal de Informática IPLANRIO S/A, visando a manutenção do parque tecnológico da Prefeitura da Cidade do Rio de Janeiro.",CARLOS ANTONIO TOMAZ ME,,,42-3035-4290
"Aquisição de peças e partes de informática para reposição no estoque da Empresa Municipal de Informática IPLANRIO S/A, visando a manutenção do parque tecnológico da Prefeitura da Cidade do Rio de Janeiro.",ELETROWORLD VENDAS E SERVICOS DE INFORMATICA EIRELI,,,21 970160103
"Aquisição de peças e partes de informática para reposição no estoque da Empresa Municipal de Informática IPLANRIO S/A, visando a manutenção do parque tecnológico da Prefeitura da Cidade do Rio de Janeiro.","GLOBAL FIXTECH COMERCIO E SERVICOS DE
INFORMATICA LTDA.",,, 71 99942 8431
"Aquisição de peças e partes de informática para reposição no estoque da Empresa Municipal de Informática IPLANRIO S/A, visando a manutenção do parque tecnológico da Prefeitura da Cidade do Rio de Janeiro.",DAYADO SOLUÇÕES E SERVIÇOS LTDA.,,,986009528
"Aquisição de peças e partes de informática para reposição no estoque da Empresa Municipal de Informática IPLANRIO S/A, visando a manutenção do parque tecnológico da Prefeitura da Cidade do Rio de Janeiro.",A2M COMERCIO E SERVIÇOS EIRELI,,,21 98135-2677
"Aquisição de peças e partes de informática para reposição no estoque da Empresa Municipal de Informática IPLANRIO S/A, visando a manutenção do parque tecnológico da Prefeitura da Cidade do Rio de Janeiro.",JESSI PAPELARIA E INFORMÁTICA EM GERAL LTDA.,,,21 3232-7777
 PRESTAÇÃO DE SERVIÇO DE SEGUROS DE VIDA E DE ACIDENTES PESSOAIS EM GRUPO E DE SEGURO FUNERAL PARA OS EMPREGADOS DA EMPRESA MUNICIPAL DE INFORMÁTICA - IPLANRIO.,AMERICAN LIFE COMPANHIA DE SEGUROS,,marcelo.tavares@alseg.com.br,11 2224-4282
 PRESTAÇÃO DE SERVIÇO DE SEGUROS DE VIDA E DE ACIDENTES PESSOAIS EM GRUPO E DE SEGURO FUNERAL PARA OS EMPREGADOS DA EMPRESA MUNICIPAL DE INFORMÁTICA - IPLANRIO.,UNIMED SEGURADORA S/A,,estudosrio2@segurosunimed.com.br,(21) 2233-3393
 PRESTAÇÃO DE SERVIÇO DE SEGUROS DE VIDA E DE ACIDENTES PESSOAIS EM GRUPO E DE SEGURO FUNERAL PARA OS EMPREGADOS DA EMPRESA MUNICIPAL DE INFORMÁTICA - IPLANRIO.,ICATU SEGUROS S/A,,licitacao@flanci.com.br, (4003 3156  /  21 986432 8300
 PRESTAÇÃO DE SERVIÇO DE SEGUROS DE VIDA E DE ACIDENTES PESSOAIS EM GRUPO E DE SEGURO FUNERAL PARA OS EMPREGADOS DA EMPRESA MUNICIPAL DE INFORMÁTICA - IPLANRIO.,BRASILSEG COMPANHIA DE SEGUROS,,kshatadani@brasilseg.com.br, (11) 5111-1660
 PRESTAÇÃO DE SERVIÇO DE SEGUROS DE VIDA E DE ACIDENTES PESSOAIS EM GRUPO E DE SEGURO FUNERAL PARA OS EMPREGADOS DA EMPRESA MUNICIPAL DE INFORMÁTICA - IPLANRIO.,BRADESCO VIDA E PREVIDENCIA S/A,,carlosbezerra.prmx@gmail.com,(51) 3216.2510 / 3216.2552
 PRESTAÇÃO DE SERVIÇO DE SEGUROS DE VIDA E DE ACIDENTES PESSOAIS EM GRUPO E DE SEGURO FUNERAL PARA OS EMPREGADOS DA EMPRESA MUNICIPAL DE INFORMÁTICA - IPLANRIO.,PORTO SEGURO COMPANHIA DE SEGUROS GERAIS,,victor@petraseguros.com.br, 24 2246 1947  /  24 99296 6951
 PRESTAÇÃO DE SERVIÇO DE SEGUROS DE VIDA E DE ACIDENTES PESSOAIS EM GRUPO E DE SEGURO FUNERAL PARA OS EMPREGADOS DA EMPRESA MUNICIPAL DE INFORMÁTICA - IPLANRIO.,MONGERAL AEGON SEGUROS E PREVIDÊNCIA S/A,,tributosmag@mag.com.br,(51) 3216.2510 / 3216.2552
"Prestação de serviço para atualização de licenças de solução de firewall Checkpoint Security Gateway NGTP para openserver com alta disponibilidade, gerência, centraliza e inteligência de eventos, suporte técnico especializado “premium” e treinamento para 2 (dois) profissionais da CONTRANTANTE para proteção de perímetro interno e externo da rede de dados ",CONTACTA SEGURANÇA EM CONECTIVIDADE LTDA,,mandarino@contacta.com.br,(21) 98802-7179
"Prestação de serviço para atualização de licenças de solução de firewall Checkpoint Security Gateway NGTP para openserver com alta disponibilidade, gerência, centraliza e inteligência de eventos, suporte técnico especializado “premium” e treinamento para 2 (dois) profissionais da CONTRANTANTE para proteção de perímetro interno e externo da rede de dados ",NTSEC SOLUÇÕES EM TELEINFORMÁTICA LTDA,,vanessa.rocha@ntsec.com.br,(61) 3248-3829
"Prestação de serviço para atualização de licenças de solução de firewall Checkpoint Security Gateway NGTP para openserver com alta disponibilidade, gerência, centraliza e inteligência de eventos, suporte técnico especializado “premium” e treinamento para 2 (dois) profissionais da CONTRANTANTE para proteção de perímetro interno e externo da rede de dados ",J M FERREIRA SERVICOS REPRESENTACOES LTDA (YOUNGEST),,janieres@youngest.com.br,(21) 998859546
"PRESTAÇÃO DE SERVIÇOS DE DESINSETIZAÇÃO CONTRA BARATAS, TRAÇAS, LACRAIAS E FORMIGAS E DE DESRATIZAÇÃO NAS DIVERSAS UNIDADES QUE COMPÕEM A EMPRESA MUNICIPAL DE INFORMÁTICA – IPLANRIO",AMBIENTAL SERVIÇOS ESPECIALIZADOS LTDA.,,comercial@ambiental-cupim.com.br, (21) 2628-6901
"PRESTAÇÃO DE SERVIÇOS DE DESINSETIZAÇÃO CONTRA BARATAS, TRAÇAS, LACRAIAS E FORMIGAS E DE DESRATIZAÇÃO NAS DIVERSAS UNIDADES QUE COMPÕEM A EMPRESA MUNICIPAL DE INFORMÁTICA – IPLANRIO",ECOLOGICA IMUNIZACOES E SERVICOS LTDA.,,comercial@ecologicaimunizacoes.com, (21) 2051-5881 / (21) 96480-1220
"PRESTAÇÃO DE SERVIÇOS DE DESINSETIZAÇÃO CONTRA BARATAS, TRAÇAS, LACRAIAS E FORMIGAS E DE DESRATIZAÇÃO NAS DIVERSAS UNIDADES QUE COMPÕEM A EMPRESA MUNICIPAL DE INFORMÁTICA – IPLANRIO",INSETGLOBAL CONTROLE DE VETORES E PRAGAS LTDA.,,contato@insetglobal.com.br,(21) 3593-0500
"PRESTAÇÃO DE SERVIÇOS DE DESINSETIZAÇÃO CONTRA BARATAS, TRAÇAS, LACRAIAS E FORMIGAS E DE DESRATIZAÇÃO NAS DIVERSAS UNIDADES QUE COMPÕEM A EMPRESA MUNICIPAL DE INFORMÁTICA – IPLANRIO",NOVA INSET VIP IMUNIZAÇÕES LTDA.,,contato@insetglobal.com.br,(21) 2596-5490
"Prestação de serviços de Coleta, Entrega e Custódia de Mídias Magnéticas e Ópticas em Fitoteca de Segurança Externa.",SOS TECNOLOGIA E GESTÃO DA INFORMAÇÃO LTDA,,, 61 99855-8988
"Prestação de serviços de Coleta, Entrega e Custódia de Mídias Magnéticas e Ópticas em Fitoteca de Segurança Externa.",TLMS SISTEMAS DE ADMINISTRAÇÃO DE FITOTECA LTDA,,, 2523-9721
"Prestação de serviços de Coleta, Entrega e Custódia de Mídias Magnéticas e Ópticas em Fitoteca de Segurança Externa.",RIOOFFSITE SERVIÇOS DE FITOTECA LTDA,,, 21 97034 5929
"PRESTAÇÃO DE SERVIÇO VISANDO FORNECIMENTO DE LICENCENCIAMENTO ANUAL DE SERVIÇO CONTINUADO GOOGLE MAPS PLATAFORM, COM SUPORTE TÉCNICO DE 12 (DOZE) MESES.",LBS Local S.A (MAPLINK),,,(11) 3047-8400
"PRESTAÇÃO DE SERVIÇO VISANDO FORNECIMENTO DE LICENCENCIAMENTO ANUAL DE SERVIÇO CONTINUADO GOOGLE MAPS PLATAFORM, COM SUPORTE TÉCNICO DE 12 (DOZE) MESES.",IPNET SERVIÇOS EM NUVEME DESENVOLVIMENTO DE SISTEMAS LTDA,,,(21) 996956326
"PRESTAÇÃO DE SERVIÇO VISANDO FORNECIMENTO DE LICENCENCIAMENTO ANUAL DE SERVIÇO CONTINUADO GOOGLE MAPS PLATAFORM, COM SUPORTE TÉCNICO DE 12 (DOZE) MESES.",SERVIBRASIL SOLUÇÕES EM TECNOLOGIA DA INFORMAÇÃO LTDA,,, (11) 5499 3435
"PRESTAÇÃO DE SERVIÇO VISANDO FORNECIMENTO DE LICENCENCIAMENTO ANUAL DE SERVIÇO CONTINUADO GOOGLE MAPS PLATAFORM, COM SUPORTE TÉCNICO DE 12 (DOZE) MESES.",GEOAMBIENTE SENSORIAMENTO LTDA,,,(12) 99637-7818
Serviços de fusão e certificação em cabos de fibra ótica. Os serviços requisitados servirão para a interligação de dois segmentos de fibra ótica abertos por desativação de duas unidades (Guarda Municipal Bambina e MultRio) existente no anel ótico da Rede Comep em Botafogo.,FNT TELECOMUNICAÇÕES E ACESSO A REDES DE INTERNET LTDA,,victor@fnttelecom.com.br, (21) 3861-9068 / (21) 98288-6303 
Serviços de fusão e certificação em cabos de fibra ótica. Os serviços requisitados servirão para a interligação de dois segmentos de fibra ótica abertos por desativação de duas unidades (Guarda Municipal Bambina e MultRio) existente no anel ótico da Rede Comep em Botafogo.,DCTEL TELECOMUNICAÇÕES LTDA,,daniel@dcteltelecom.com.br,21 96973-2444
Serviços de fusão e certificação em cabos de fibra ótica. Os serviços requisitados servirão para a interligação de dois segmentos de fibra ótica abertos por desativação de duas unidades (Guarda Municipal Bambina e MultRio) existente no anel ótico da Rede Comep em Botafogo.,7LAN COMÉRCIO E SERVIÇOS EIRELI,,atendimento@7lan.com.br, (21) 2240-0520
Serviços de fusão e certificação em cabos de fibra ótica. Os serviços requisitados servirão para a interligação de dois segmentos de fibra ótica abertos por desativação de duas unidades (Guarda Municipal Bambina e MultRio) existente no anel ótico da Rede Comep em Botafogo.,TAREA GERENCIAMENTO LTDA ,,marcos.souza@tarea.com.br, 61 99157-2567
"PRESTAÇÃO DE SERVIÇOS DE LICENCIAMENTO / SUBSCRIÇÃO DE SOLUÇÃO TRENDMICRO PARA PROTEÇÃO DE ENDPOINTS E SERVIDORES, INCLUINDO MÓDULO DE DETECÇÃO E RESPOSTA MULTICAMADAS.",MINDWORKS INFORMÁTICA LTDA.,,luiz.silva@mindworks.com.br,51 3023-4139 / 51 98333 0001
"PRESTAÇÃO DE SERVIÇOS DE LICENCIAMENTO / SUBSCRIÇÃO DE SOLUÇÃO TRENDMICRO PARA PROTEÇÃO DE ENDPOINTS E SERVIDORES, INCLUINDO MÓDULO DE DETECÇÃO E RESPOSTA MULTICAMADAS.",NETCENTER INFORMATCIA LTDA.,,claudio.medeiros@netcenter.com.br, 21 4501-4005 | 21 99526-2763
"PRESTAÇÃO DE SERVIÇOS DE LICENCIAMENTO / SUBSCRIÇÃO DE SOLUÇÃO TRENDMICRO PARA PROTEÇÃO DE ENDPOINTS E SERVIDORES, INCLUINDO MÓDULO DE DETECÇÃO E RESPOSTA MULTICAMADAS.",NETSECURITY TECNOLOGIA LTDA,,leandro.bem@netsecurity.com.br, 11 5089-2095 | 21 98843-3500
"CONTRATAÇÃO DE EMPRESA ESPECIALIZADA PARA PRESTAÇÃO DOS SERVIÇOS DE MANUTENÇÃO PREVENTIVA, PREDITIVA, CORRETIVA, PROGRAMADA, EMERGENCIAL, EVOLUTIVA E ASSISTÊNCIA TÉCNICA, COM FORNECIMENTO DE PEÇAS E CONSUMÍVEIS, DOS SISTEMAS E SUBSISTEMAS QUE COMPÕEM A INFRAESTRUTURA DO AMBIENTE DA SALA COFRE CERTIFICADA NO DATA CENTER DO IPLANRIO",GREEN4T SOLUÇÕES TI LTDA,,licitacao@green4t.com, (11) 99175-3610
"CONTRATAÇÃO DE EMPRESA ESPECIALIZADA PARA PRESTAÇÃO DOS SERVIÇOS DE MANUTENÇÃO PREVENTIVA, PREDITIVA, CORRETIVA, PROGRAMADA, EMERGENCIAL, EVOLUTIVA E ASSISTÊNCIA TÉCNICA, COM FORNECIMENTO DE PEÇAS E CONSUMÍVEIS, DOS SISTEMAS E SUBSISTEMAS QUE COMPÕEM A INFRAESTRUTURA DO AMBIENTE DA SALA COFRE CERTIFICADA NO DATA CENTER DO IPLANRIO",TBS CLIMATIZAÇÃO E MANUTENCAO PREDIAL LTDA,,kleber.silveira@tbservice.com.br,(11) 3218 0333
"Contratação de agente de integração especializado, conforme previsto na Lei Federal nº 11.788/2008 e na Portaria IplanRio n.º 272/2019, para prestação de serviços de administração de Programa de Estágio para atender a Empresa Municipal de Informática S.A – IPLANRIO.","INSTITUTO DE PROMOCAO HUMANA, APRENDIZAGEM E CULTURA   -  (IPHAC)",,juridico@iphac.org.br,62 99268 9475 / 62 3092 2009
"Contratação de agente de integração especializado, conforme previsto na Lei Federal nº 11.788/2008 e na Portaria IplanRio n.º 272/2019, para prestação de serviços de administração de Programa de Estágio para atender a Empresa Municipal de Informática S.A – IPLANRIO.",CENTRO DE INTEGRAÇÃO EMPRESA-ESCOLA DO ESTADO DO RIO DE JANEIRO - (CIEE - RJ),,alanaj@cieerj.org.br,21 99769-5458 / 21 2505 1251
"Contratação de agente de integração especializado, conforme previsto na Lei Federal nº 11.788/2008 e na Portaria IplanRio n.º 272/2019, para prestação de serviços de administração de Programa de Estágio para atender a Empresa Municipal de Informática S.A – IPLANRIO.",FGR CONSULTORIA E TREINAMENTO LTDA  -  (SUPER ESTÁGIOS),,ricardo.brito@superestagios.rio.br,21 97540 2002  /  21 96830-9676
"Contratação de agente de integração especializado, conforme previsto na Lei Federal nº 11.788/2008 e na Portaria IplanRio n.º 272/2019, para prestação de serviços de administração de Programa de Estágio para atender a Empresa Municipal de Informática S.A – IPLANRIO.",AGENCIA DE INTEGRAÇÃO EMPRESA ESCOLA LTDA EPP  - (AGIEL),,licitacoes@agiel.com.br, 31 4141 3200 / 37 3232 1179
"Contratação de agente de integração especializado, conforme previsto na Lei Federal nº 11.788/2008 e na Portaria IplanRio n.º 272/2019, para prestação de serviços de administração de Programa de Estágio para atender a Empresa Municipal de Informática S.A – IPLANRIO.",UNIVERSIDADE PATATIVA DO ASSARÉ - (UPA),,licitaupa@hotmail.com, 88 99961-3130 / 88 3512 2450
"Contratação de agente de integração especializado, conforme previsto na Lei Federal nº 11.788/2008 e na Portaria IplanRio n.º 272/2019, para prestação de serviços de administração de Programa de Estágio para atender a Empresa Municipal de Informática S.A – IPLANRIO.",CENTRO INTEGRADO DE ESTUDOS E PROGRAMAS DE DESENVOLVIMENTO SUSTENTÁVEL  -  (CIEDS),,rogerio@coletivoaprendiz.org.br,21 98124 0102 / 21 2518 1833
PRESTAÇÃO DE SERVIÇO DE LOCALIZAÇÃO E GERENCIAMENTO DE ENERGIA ELÉTRICA ,BMA COM E SOLUÇÕES ,,bmadidaticos@gmail.com,(11) 9 8131-1424
PRESTAÇÃO DE SERVIÇO DE LOCALIZAÇÃO E GERENCIAMENTO DE ENERGIA ELÉTRICA ,INOVAÇÃO,,leonardo@mastertools.com.br,(31) 3398-0232 - (31) 3352-3888
PRESTAÇÃO DE SERVIÇO DE LOCALIZAÇÃO E GERENCIAMENTO DE ENERGIA ELÉTRICA ,OUROLUX,,licitacao1@ourolux.com.br,(11) 2172-1112 - (11) 95248-3423
PRESTAÇÃO DE SERVIÇO DE LOCALIZAÇÃO E GERENCIAMENTO DE ENERGIA ELÉTRICA ,ALPHA CENTAURI,,alpha-cent@outlook.com,(081) 98299-1724 - (081) 3106-1150
PRESTAÇÃO DE SERVIÇO DE LOCALIZAÇÃO E GERENCIAMENTO DE ENERGIA ELÉTRICA ,JF DE MORAIS CONSTRUÇÕES,,CONSTRUCOESEVOLUTION@GMAIL.COM,(92) 3232-7748/99271-3060
PRESTAÇÃO DE SERVIÇO DE LOCALIZAÇÃO E GERENCIAMENTO DE ENERGIA ELÉTRICA ,DE LORENZO DO BRASIL,,delorenzo@delorenzo.com.br,(11) 3279-4460
PRESTAÇÃO DE SERVIÇO DE LOCALIZAÇÃO E GERENCIAMENTO DE ENERGIA ELÉTRICA ,VIDA DE SÍLIO,,contato@vidadesilicio.com.br,(27) 99983-5537
"Registro de Preços para Prestação de Serviços de Licenciamento perpétuo, suporte e atualização de software  VMWARE",EM2 IT SOLUTIONS SERVIÇOS EM TECNOLOGIA DA INFORMAÇÃO LTDA. LTDA,,vlamir.mattiolli@em2it.com.br,11 2339- 1004
"Registro de Preços para Prestação de Serviços de Licenciamento perpétuo, suporte e atualização de software  VMWARE",PPN TECNOLOGIA E INFORMÁTICA LTDA,,comercial@ppntecnologia.com.br, 61 3963-0266
"Registro de Preços para Prestação de Serviços de Licenciamento perpétuo, suporte e atualização de software  VMWARE",FUTTURA DISTRIBUIÇÃO COMÉRCIO E SERVIÇOS DE INFORMÁTICA LTDA,,raphael@futturaam.com.br,92 ] 3646-5335
"Registro de Preços para Prestação de Serviços de Licenciamento perpétuo, suporte e atualização de software  VMWARE",LENI S SILVA DE LUCENA - EPP,,tubaraosoftware@gmail.com, 11  99475 3565
AQUISIÇÃO E INSTALAÇÃO DE MURAIS INTERNOS COM OBJETIVO DE VEICULAR INFORMATIVOS PERIÓDICOS ,R2W  GRAFICA E EDITORA - EIRELI,,,(43) 9.9915-0460
AQUISIÇÃO E INSTALAÇÃO DE MURAIS INTERNOS COM OBJETIVO DE VEICULAR INFORMATIVOS PERIÓDICOS ,ACRILZANO ARTEFATOS DE ACRILICO EIRELI ,,,(21) 3372-3797
AQUISIÇÃO E INSTALAÇÃO DE MURAIS INTERNOS COM OBJETIVO DE VEICULAR INFORMATIVOS PERIÓDICOS ,JERONIMO CARVALHO ARTE DIGITAL,,,21 98175-5298
AQUISIÇÃO E INSTALAÇÃO DE MURAIS INTERNOS COM OBJETIVO DE VEICULAR INFORMATIVOS PERIÓDICOS ,ACRILICO CENTER INDUSTRIA E COMERCIO EIRELI,,,(62) 3587 5357
AQUISIÇÃO E INSTALAÇÃO DE MURAIS INTERNOS COM OBJETIVO DE VEICULAR INFORMATIVOS PERIÓDICOS ,SL CRIL INDUSTRIA E COMÉRCIO LTDA ,,, (11) 3954 9999
AQUISIÇÃO E INSTALAÇÃO DE MURAIS INTERNOS COM OBJETIVO DE VEICULAR INFORMATIVOS PERIÓDICOS ,ETIPLASTI COM. E SERVIÇOS EM PLÁSTICOS LTDA. EPP,,,(47) 3273-6060
AQUISIÇÃO E INSTALAÇÃO DE MURAIS INTERNOS COM OBJETIVO DE VEICULAR INFORMATIVOS PERIÓDICOS ,HOPE NOBLE COMERCIAL LTDA,,,(11) 3858-8489
"Subscrição de licenças de Jira Software Cloud Premium, plugins extensores de funcionalidades, gerenciador de atendimento a clientes, extrator de dados, solução para trabalho em grupo prestação de serviços de atualização de versão, configuração da solução e treinamento, pelo período de 12 (doze) meses",SILVEIRA & MRACK LTDA.   ,,,51 3023-4139 / 51 98333 6543
"Subscrição de licenças de Jira Software Cloud Premium, plugins extensores de funcionalidades, gerenciador de atendimento a clientes, extrator de dados, solução para trabalho em grupo prestação de serviços de atualização de versão, configuração da solução e treinamento, pelo período de 12 (doze) meses",A-PLAYERS PRESTADORA DE SERVIÇOS EIRELI,,, 51 99818 8813 / 51 3017 1361
"Subscrição de licenças de Jira Software Cloud Premium, plugins extensores de funcionalidades, gerenciador de atendimento a clientes, extrator de dados, solução para trabalho em grupo prestação de serviços de atualização de versão, configuração da solução e treinamento, pelo período de 12 (doze) meses",CSP - CONSULTORIA & SISTEMAS LTDA,,, 34 99220 4880
"Subscrição de licenças de Jira Software Cloud Premium, plugins extensores de funcionalidades, gerenciador de atendimento a clientes, extrator de dados, solução para trabalho em grupo prestação de serviços de atualização de versão, configuração da solução e treinamento, pelo período de 12 (doze) meses",PRIME CONTROL CONSULTORIA LTDA.,,,11  95079 4402 / 41 3253 0521
"Subscrição de licenças de Jira Software Cloud Premium, plugins extensores de funcionalidades, gerenciador de atendimento a clientes, extrator de dados, solução para trabalho em grupo prestação de serviços de atualização de versão, configuração da solução e treinamento, pelo período de 12 (doze) meses",PRIME UP SOLUÇÕES EM TI LTDA.,,, 11 2844 4481 
 Aquisição de Patch Cord de Fibra Ótica para instalação de novos switches nos Hospitais Municipais Miguel Couto e Hospital Municipal Souza Aguiar.,CABOS GOLDEN AUDIO E VIDEO LTDA EPP,,,(11) 3226-2222
 Aquisição de Patch Cord de Fibra Ótica para instalação de novos switches nos Hospitais Municipais Miguel Couto e Hospital Municipal Souza Aguiar.,LANTELE COMERCIAL ELÉTRICA LTDA,,,(21) 2505-6073
 Aquisição de Patch Cord de Fibra Ótica para instalação de novos switches nos Hospitais Municipais Miguel Couto e Hospital Municipal Souza Aguiar.,NEWSCON TELEINFORMATICA LTDA.,,,(21) 3461-9339
 Aquisição de Patch Cord de Fibra Ótica para instalação de novos switches nos Hospitais Municipais Miguel Couto e Hospital Municipal Souza Aguiar.,C& R COM E SERV DE INST E MANUT EM TELECOMUNICAÇÕES LTDA,,,(21) 2024-6860
 Aquisição de Patch Cord de Fibra Ótica para instalação de novos switches nos Hospitais Municipais Miguel Couto e Hospital Municipal Souza Aguiar.,PRONTO REDES TELECOMUNICAÇÕES EIRELI,,, (21) 2516-1520
REGISTRO DE PREÇOS PARA PRESTAÇÃO DE SERVIÇO DE LICENCIAMENTO E SUBSCRIÇÃO DE PRODUTOS MICROSOFT PARA AS EMPRESAS PÚBLICAS E SOCIEDADES DE ECONOMIA MISTA MUNICIPAIS,SOLO NETWORK BRASIL LTDA,,galber.figueiredo@solonetwork.com.br, (41) 3051 7500
REGISTRO DE PREÇOS PARA PRESTAÇÃO DE SERVIÇO DE LICENCIAMENTO E SUBSCRIÇÃO DE PRODUTOS MICROSOFT PARA AS EMPRESAS PÚBLICAS E SOCIEDADES DE ECONOMIA MISTA MUNICIPAIS,AVIVATEC LICENCIAMENTO DE PROGRAMAS DE COMPUTADOR LTDA,,financeiro@avivatec.com.br,11 3080-3520
REGISTRO DE PREÇOS PARA PRESTAÇÃO DE SERVIÇO DE LICENCIAMENTO E SUBSCRIÇÃO DE PRODUTOS MICROSOFT PARA AS EMPRESAS PÚBLICAS E SOCIEDADES DE ECONOMIA MISTA MUNICIPAIS,S4R TECNOLOGIA LTDA.,,priscila.cardoso@s4r.com.br,
REGISTRO DE PREÇOS PARA PRESTAÇÃO DE SERVIÇO DE LICENCIAMENTO E SUBSCRIÇÃO DE PRODUTOS MICROSOFT PARA AS EMPRESAS PÚBLICAS E SOCIEDADES DE ECONOMIA MISTA MUNICIPAIS,SOFTLINE INTERNATIONAL BRASIL COMERCIO E LICENCIAMENTO DE SOFTWARE EIRELI.,,surya.rebello@softline.com, 11 5188 8100
REGISTRO DE PREÇOS PARA PRESTAÇÃO DE SERVIÇO DE LICENCIAMENTO E SUBSCRIÇÃO DE PRODUTOS MICROSOFT PARA AS EMPRESAS PÚBLICAS E SOCIEDADES DE ECONOMIA MISTA MUNICIPAIS,CLARO S/A.,,gisele.pimenta@embratel.com.br, 21 2121 3614 / 21 97594 3212
"CONTRATAÇÃO DE EMPRESA PARA PRESTAÇÃO DE SERVIÇOS VISANDO AO FORNECIMENTO DE LICENCIAMENTO DE SERVIÇO CONTINUADO GOOGLE MAPS PLATFORM, COM SUPORTE TÉCNICO DE 24 (VINTE E QUATRO) MESES PELO FABRICANTE.",GEOAMBIENTE SENSORIAMENTO REMOTO LTDA,,, 12 99637-7818
"CONTRATAÇÃO DE EMPRESA PARA PRESTAÇÃO DE SERVIÇOS VISANDO AO FORNECIMENTO DE LICENCIAMENTO DE SERVIÇO CONTINUADO GOOGLE MAPS PLATFORM, COM SUPORTE TÉCNICO DE 24 (VINTE E QUATRO) MESES PELO FABRICANTE.",SERVIBRASIL SOLUÇÕES EM TECNOLOGIA DA INFORMAÇÃO LTDA,,, 11 99957 3122
"CONTRATAÇÃO DE EMPRESA PARA PRESTAÇÃO DE SERVIÇOS VISANDO AO FORNECIMENTO DE LICENCIAMENTO DE SERVIÇO CONTINUADO GOOGLE MAPS PLATFORM, COM SUPORTE TÉCNICO DE 24 (VINTE E QUATRO) MESES PELO FABRICANTE.",SOFTWAREONE COMÉRCIO E SERVIÇOS DE INFORMÁTICA LTDA,,,(11) 3796-5020
" Contratação de Solução de Segmentação de Rede, incluindo instalação, implantação, treinamento, garantia técnica e alocação de Técnico Residente por 24 meses.",SUNLIT DISTR E INFORMATICA EIRELI-EPP,,antonio@sunlit.com.br,11  2893 3021
" Contratação de Solução de Segmentação de Rede, incluindo instalação, implantação, treinamento, garantia técnica e alocação de Técnico Residente por 24 meses.",ASPER TECNOLOGIA LTDA.,,comercial@asperti.com.br,61 3047-8777
" Contratação de Solução de Segmentação de Rede, incluindo instalação, implantação, treinamento, garantia técnica e alocação de Técnico Residente por 24 meses.",INB TECNOLOGIA LTDA.,,milena@inbtec.com.br, 61  3034 6476  /  61  99908 3414
" Contratação de Solução de Segmentação de Rede, incluindo instalação, implantação, treinamento, garantia técnica e alocação de Técnico Residente por 24 meses.","CPD CONSULTORIA, PLANEJAMENTO E DESENVOLVIMENTO DE SISTEMAS LTDA",,christian.limp@cpd.com.br, 61 2104-3200 / 61 98134-7793
" Contratação de Solução de Segmentação de Rede, incluindo instalação, implantação, treinamento, garantia técnica e alocação de Técnico Residente por 24 meses.",INFOSAFE TECNOLOGIA DA INFORMAÇÃO LTDA,,carlos.andrade@infosafe.com.br,21 2018-2540 / 21 97519-9829
"SUBSCRIÇÃO DE LICENÇAS DE USO DO QLIK SENSE ENTERPRISE SAAS PROFESSIONAL, ANALYZER E CAPACITY E SERVIÇOS TÉCNICOS ESPECIALIZADOS NA FERRAMENTA PARA ATENDER ÀS NECESSIDADES DA IPLANRIO.","INTELIGENCIA DE NEGÓCIOS, SISTEMAS E INFORMÁTICA LTDA",,edilaine.costa@in1.com.br,61 3465 3035 / 61 99803 2602
"SUBSCRIÇÃO DE LICENÇAS DE USO DO QLIK SENSE ENTERPRISE SAAS PROFESSIONAL, ANALYZER E CAPACITY E SERVIÇOS TÉCNICOS ESPECIALIZADOS NA FERRAMENTA PARA ATENDER ÀS NECESSIDADES DA IPLANRIO.",TOCCATO TECNOLOGIA EM SISTEMAS,,ana.claudia@toccato.com.br, 61 3225 2363
"SUBSCRIÇÃO DE LICENÇAS DE USO DO QLIK SENSE ENTERPRISE SAAS PROFESSIONAL, ANALYZER E CAPACITY E SERVIÇOS TÉCNICOS ESPECIALIZADOS NA FERRAMENTA PARA ATENDER ÀS NECESSIDADES DA IPLANRIO.",GRF TECNOLOGIA E INFORMÁTICA LTDA  -   ( DESQ ),,carla.gonzaga@desq.com.br, 62  3922  1151 / 62 3922 1147
"SUBSCRIÇÃO DE LICENÇAS DE USO DO QLIK SENSE ENTERPRISE SAAS PROFESSIONAL, ANALYZER E CAPACITY E SERVIÇOS TÉCNICOS ESPECIALIZADOS NA FERRAMENTA PARA ATENDER ÀS NECESSIDADES DA IPLANRIO.",TAREA GERENCIAMENTO LTDA ,,marcos.souza@tarea.com.br, 61 99157-2567
"PRESTAÇÃO DE SERVIÇOS PARA REALIZAÇÃO DE EVENTO INSTITUCIONAL, INCLUINDO ESPAÇO FÍSICO, BUFFET E SONORIZAÇÃO, DESTINADO AO CORPO FUNCIONAL DA EMPRESA MUNICIPAL DE INFORMÁTICA S.A - IPLANRIO, ALUSIVO À COMEMORAÇÃO DE ENCERRAMENTO DE EXERCÍCIO EM 2022",LUDAPI ALIMENTOS LTDA,,atendimento@caisgourmet.com.br,(21) 2233 2531
"PRESTAÇÃO DE SERVIÇOS PARA REALIZAÇÃO DE EVENTO INSTITUCIONAL, INCLUINDO ESPAÇO FÍSICO, BUFFET E SONORIZAÇÃO, DESTINADO AO CORPO FUNCIONAL DA EMPRESA MUNICIPAL DE INFORMÁTICA S.A - IPLANRIO, ALUSIVO À COMEMORAÇÃO DE ENCERRAMENTO DE EXERCÍCIO EM 2022",MONET CASA DE FESTAS E BUFFET,,contato@monetfesta.com.br, (21) 2117-1715 / (21) 98651-3574
"PRESTAÇÃO DE SERVIÇOS PARA REALIZAÇÃO DE EVENTO INSTITUCIONAL, INCLUINDO ESPAÇO FÍSICO, BUFFET E SONORIZAÇÃO, DESTINADO AO CORPO FUNCIONAL DA EMPRESA MUNICIPAL DE INFORMÁTICA S.A - IPLANRIO, ALUSIVO À COMEMORAÇÃO DE ENCERRAMENTO DE EXERCÍCIO EM 2022",FEEDBACK STEAKHOUSE LTDA,,belagrill.belagrill@yahoo.com.br,21 2502 4410
"CONTRATAÇÃO DE EMPRESA PARA PRESTAÇÃO DE SERVIÇOS VISANDO AO FORNECIMENTO DE LICENCIAMENTO ANUAL DE SERVIÇO CONTINUADO GOOGLE APPSHEET, DE 12 (DOZE) MESES PELO FABRICANTE.",SERVIBRASIL SOLUCOES EM TECNOLOGIA DA INFORMACAO LTDA.,,denis.teixeira@servinformacion.com,(11) 981129818
"CONTRATAÇÃO DE EMPRESA PARA PRESTAÇÃO DE SERVIÇOS VISANDO AO FORNECIMENTO DE LICENCIAMENTO ANUAL DE SERVIÇO CONTINUADO GOOGLE APPSHEET, DE 12 (DOZE) MESES PELO FABRICANTE.",IPNET SERVIÇOS EM NUVEM,,gabriele.oliveira@ipnet.cloud, (21) 3553 2717 / 11  94744 3990
"CONTRATAÇÃO DE EMPRESA PARA PRESTAÇÃO DE SERVIÇOS VISANDO AO FORNECIMENTO DE LICENCIAMENTO ANUAL DE SERVIÇO CONTINUADO GOOGLE APPSHEET, DE 12 (DOZE) MESES PELO FABRICANTE.",GEOAMBIENTE SENSORIAMENTO REMOTO LTDA.,,fernanda.giraldeli@geoambiente.com.br, 12 3878 6400
"CONTRATAÇÃO DE EMPRESA PARA PRESTAÇÃO DE SERVIÇOS VISANDO AO FORNECIMENTO DE LICENCIAMENTO ANUAL DE SERVIÇO CONTINUADO GOOGLE APPSHEET, DE 12 (DOZE) MESES PELO FABRICANTE.",GEOAMBIENTE SENSORIAMENTO REMOTO LTDA.,,tamires.ramalho@safetec.com.br,11 94708 4898
"CONTRATAÇÃO DE EMPRESA PARA PRESTAÇÃO DE SERVIÇOS VISANDO AO FORNECIMENTO DE LICENCIAMENTO ANUAL DE SERVIÇO CONTINUADO GOOGLE APPSHEET, DE 12 (DOZE) MESES PELO FABRICANTE.",PPN TECNOLOGIA E INFORMÁTICA LTDA,,comercial@ppntecnologia.com.br,61 3963-0266